project,dataset_path,variable,dtype,row_count,profile_basis,profile_rows,nonmissing_in_profile,missing_in_profile,unique_in_profile,min,p25,median,p75,max,mean,std,top_value,top_value_count
insurance_churn_unwinding,data_clean/cms/cms_sipp_merge_ready_state_month_2023.csv,state_name,object,510,full_file,510,510,0,51,,,,,,,,Alaska,10
insurance_churn_unwinding,data_clean/cms/cms_sipp_merge_ready_state_month_2023.csv,state_abbr,object,510,full_file,510,510,0,51,,,,,,,,AK,10
insurance_churn_unwinding,data_clean/cms/cms_sipp_merge_ready_state_month_2023.csv,state_fips,int64,510,full_file,510,510,0,51,1,16.0,29.0,42.0,56,28.96078431372549,15.692227480919225,2,10
insurance_churn_unwinding,data_clean/cms/cms_sipp_merge_ready_state_month_2023.csv,cms_reporting_year,int64,510,full_file,510,510,0,1,2023,2023.0,2023.0,2023.0,2023,2023.0,0.0,2023,510
insurance_churn_unwinding,data_clean/cms/cms_sipp_merge_ready_state_month_2023.csv,cms_reporting_month,int64,510,full_file,510,510,0,10,3,5.0,7.5,10.0,12,7.5,2.875101433249526,3,51
insurance_churn_unwinding,data_clean/cms/cms_sipp_merge_ready_state_month_2023.csv,sipp_month_same,int64,510,full_file,510,510,0,10,3,5.0,7.5,10.0,12,7.5,2.875101433249526,3,51
insurance_churn_unwinding,data_clean/cms/cms_sipp_merge_ready_state_month_2023.csv,sipp_month_plus1,int64,510,full_file,510,510,0,10,4,6.0,8.5,11.0,13,8.5,2.875101433249526,4,51
insurance_churn_unwinding,data_clean/cms/cms_sipp_merge_ready_state_month_2023.csv,renewals_due,float64,510,full_file,510,415,95,413,0.0,31164.5,91769.0,159118.5,1208535.0,136228.8795180723,177117.50259538993,31863.0,2
insurance_churn_unwinding,data_clean/cms/cms_sipp_merge_ready_state_month_2023.csv,renewed_total,float64,510,full_file,510,415,95,414,0.0,16416.0,52080.0,101902.0,913640.0,83986.13734939758,109016.55826295567,0.0,2
insurance_churn_unwinding,data_clean/cms/cms_sipp_merge_ready_state_month_2023.csv,ex_parte_renewed,float64,510,full_file,510,415,95,410,0.0,7343.0,23396.0,64066.5,781853.0,47106.50361445783,68992.49460401743,0.0,3
insurance_churn_unwinding,data_clean/cms/cms_sipp_merge_ready_state_month_2023.csv,form_renewed,float64,510,full_file,510,415,95,407,0.0,6055.5,17970.0,37564.5,395339.0,36879.63373493976,57177.53559684369,0.0,7
insurance_churn_unwinding,data_clean/cms/cms_sipp_merge_ready_state_month_2023.csv,ineligible_terminations,float64,510,full_file,510,415,95,410,0.0,2108.0,5792.0,14354.5,192632.0,12898.744578313253,21105.758058397863,1895.0,2
insurance_churn_unwinding,data_clean/cms/cms_sipp_merge_ready_state_month_2023.csv,procedural_terminations,float64,510,full_file,510,415,95,401,0.0,4561.5,19880.0,42798.5,465863.0,30613.026506024096,44181.02094574631,0.0,13
insurance_churn_unwinding,data_clean/cms/cms_sipp_merge_ready_state_month_2023.csv,pending_renewals,float64,510,full_file,510,415,95,335,0.0,85.5,1131.0,5966.5,240916.0,8730.971084337349,26055.756921416694,0.0,69
insurance_churn_unwinding,data_clean/cms/cms_sipp_merge_ready_state_month_2023.csv,renewal_success_rate_due,float64,510,full_file,510,413,97,413,0.1905978323848478,0.514503667030196,0.6260563380281691,0.7159052902303159,0.9994634781942208,0.6191728505391778,0.1516386762643969,0.3690166692154764,1
insurance_churn_unwinding,data_clean/cms/cms_sipp_merge_ready_state_month_2023.csv,termination_rate_due,float64,510,full_file,510,413,97,413,0.0005365218057791,0.2150459409714896,0.3225603937521973,0.4349016362131533,0.7698423909753194,0.3219690167428658,0.1549872395845518,0.4788193913442422,1
insurance_churn_unwinding,data_clean/cms/cms_sipp_merge_ready_state_month_2023.csv,procedural_burden_due,float64,510,full_file,510,413,97,403,0.0,0.135249489637618,0.2239087634228332,0.3133826942203558,0.6675275391345596,0.23041270773164924,0.13597300091504846,0.0,11
insurance_churn_unwinding,data_clean/cms/cms_sipp_merge_ready_state_month_2023.csv,procedural_share_terminations,float64,510,full_file,510,413,97,403,0.0,0.5922937821671999,0.7264832900694937,0.7999222650760905,0.9814146083104628,0.661479326200165,0.2259847685381171,0.0,11
insurance_churn_unwinding,data_clean/cms/cms_sipp_merge_ready_state_month_2023.csv,ex_parte_rate_due,float64,510,full_file,510,413,97,413,0.0,0.2147442286990152,0.3271322819439974,0.4856816941229163,0.9994634781942208,0.36119152358697,0.20870144529272264,0.1824437987459856,1
insurance_churn_unwinding,data_clean/cms/cms_sipp_merge_ready_state_month_2023.csv,ex_parte_rate_renewed,float64,510,full_file,510,413,97,409,0.0,0.3978389616935484,0.5587849272959624,0.7359001530672319,1.0,0.5569140590945287,0.23696031674165863,1.0,5
insurance_churn_unwinding,data_clean/cms/cms_sipp_merge_ready_state_month_2023.csv,form_rate_due,float64,510,full_file,510,413,97,409,0.0,0.1656690676676473,0.2449434032287994,0.3379808855552867,0.8755378132623641,0.25798132695220766,0.14352677788571877,0.0,5
insurance_churn_unwinding,data_clean/cms/cms_sipp_merge_ready_state_month_2023.csv,form_rate_renewed,float64,510,full_file,510,413,97,409,0.0,0.2640998469327681,0.4412150727040376,0.6021610383064516,1.0,0.4430859409054713,0.23696031674165863,0.0,5
insurance_churn_unwinding,data_clean/cms/cms_sipp_merge_ready_state_month_2023.csv,pending_rate_due,float64,510,full_file,510,413,97,347,0.0,0.0012051822838204,0.0220034184742049,0.0811913970514778,0.6704010296311463,0.05885813271795636,0.08688354348686726,0.0,67
insurance_churn_unwinding,data_clean/cms/cms_sipp_merge_ready_state_month_2023.csv,completion_rate_due,float64,510,full_file,510,413,97,347,0.3295989703688536,0.9188086029485222,0.977996581525795,0.9987948177161796,1.0,0.9411418672820437,0.08688354348686726,1.0,67
insurance_churn_unwinding,data_clean/cms/cms_sipp_merge_ready_state_month_2023.csv,burden_index_simple,float64,510,full_file,510,413,97,413,-7.236496182249925,-1.4223112713108808,0.2754794218434161,1.7422221295597569,6.501091999505235,-2.408619443254577e-16,2.3712738014206542,1.918058373315351,1
insurance_churn_unwinding,data_clean/cms/cms_sipp_merge_ready_state_month_2023.csv,metric5_identity_gap,float64,510,full_file,510,415,95,1,0.0,0.0,0.0,0.0,0.0,0.0,0.0,0.0,415
insurance_churn_unwinding,data_clean/cms/cms_sipp_merge_ready_state_month_2023.csv,metric5_identity_gap_rate,float64,510,full_file,510,413,97,1,0.0,0.0,0.0,0.0,0.0,0.0,0.0,0.0,413
insurance_churn_unwinding,data_clean/cms/cms_sipp_merge_ready_state_month_2023.csv,metric5a_identity_gap,float64,510,full_file,510,415,95,1,0.0,0.0,0.0,0.0,0.0,0.0,0.0,0.0,415
insurance_churn_unwinding,data_clean/cms/cms_sipp_merge_ready_state_month_2023.csv,metric5a_identity_gap_rate,float64,510,full_file,510,413,97,1,0.0,0.0,0.0,0.0,0.0,0.0,0.0,0.0,413
insurance_churn_unwinding,data_clean/cms/cms_updated_renewal_outcomes_state_month_2023.csv,state_name,object,510,full_file,510,510,0,51,,,,,,,,Alaska,10
insurance_churn_unwinding,data_clean/cms/cms_updated_renewal_outcomes_state_month_2023.csv,state_abbr,object,510,full_file,510,510,0,51,,,,,,,,AK,10
insurance_churn_unwinding,data_clean/cms/cms_updated_renewal_outcomes_state_month_2023.csv,state_fips,int64,510,full_file,510,510,0,51,1,16.0,29.0,42.0,56,28.96078431372549,15.692227480919225,2,10
insurance_churn_unwinding,data_clean/cms/cms_updated_renewal_outcomes_state_month_2023.csv,cms_reporting_yyyymm,int64,510,full_file,510,510,0,10,202303,202305.0,202307.5,202310.0,202312,202307.5,2.875101433249526,202303,51
insurance_churn_unwinding,data_clean/cms/cms_updated_renewal_outcomes_state_month_2023.csv,cms_reporting_year,int64,510,full_file,510,510,0,1,2023,2023.0,2023.0,2023.0,2023,2023.0,0.0,2023,510
insurance_churn_unwinding,data_clean/cms/cms_updated_renewal_outcomes_state_month_2023.csv,cms_reporting_month,int64,510,full_file,510,510,0,10,3,5.0,7.5,10.0,12,7.5,2.875101433249526,3,51
insurance_churn_unwinding,data_clean/cms/cms_updated_renewal_outcomes_state_month_2023.csv,sipp_month_same,int64,510,full_file,510,510,0,10,3,5.0,7.5,10.0,12,7.5,2.875101433249526,3,51
insurance_churn_unwinding,data_clean/cms/cms_updated_renewal_outcomes_state_month_2023.csv,sipp_month_plus1,int64,510,full_file,510,510,0,10,4,6.0,8.5,11.0,13,8.5,2.875101433249526,4,51
insurance_churn_unwinding,data_clean/cms/cms_updated_renewal_outcomes_state_month_2023.csv,renewals_due,float64,510,full_file,510,415,95,413,0.0,31164.5,91769.0,159118.5,1208535.0,136228.8795180723,177117.50259538993,31863.0,2
insurance_churn_unwinding,data_clean/cms/cms_updated_renewal_outcomes_state_month_2023.csv,renewed_total,float64,510,full_file,510,415,95,414,0.0,16416.0,52080.0,101902.0,913640.0,83986.13734939758,109016.55826295567,0.0,2
insurance_churn_unwinding,data_clean/cms/cms_updated_renewal_outcomes_state_month_2023.csv,ex_parte_renewed,float64,510,full_file,510,415,95,410,0.0,7343.0,23396.0,64066.5,781853.0,47106.50361445783,68992.49460401743,0.0,3
insurance_churn_unwinding,data_clean/cms/cms_updated_renewal_outcomes_state_month_2023.csv,form_renewed,float64,510,full_file,510,415,95,407,0.0,6055.5,17970.0,37564.5,395339.0,36879.63373493976,57177.53559684369,0.0,7
insurance_churn_unwinding,data_clean/cms/cms_updated_renewal_outcomes_state_month_2023.csv,ineligible_terminations,float64,510,full_file,510,415,95,410,0.0,2108.0,5792.0,14354.5,192632.0,12898.744578313253,21105.758058397863,1895.0,2
insurance_churn_unwinding,data_clean/cms/cms_updated_renewal_outcomes_state_month_2023.csv,procedural_terminations,float64,510,full_file,510,415,95,401,0.0,4561.5,19880.0,42798.5,465863.0,30613.026506024096,44181.02094574631,0.0,13
insurance_churn_unwinding,data_clean/cms/cms_updated_renewal_outcomes_state_month_2023.csv,pending_renewals,float64,510,full_file,510,415,95,335,0.0,85.5,1131.0,5966.5,240916.0,8730.971084337349,26055.756921416694,0.0,69
insurance_churn_unwinding,data_clean/cms/cms_updated_renewal_outcomes_state_month_2023.csv,renewal_success_rate_due,float64,510,full_file,510,413,97,413,0.1905978323848478,0.514503667030196,0.6260563380281691,0.7159052902303159,0.9994634781942208,0.6191728505391778,0.1516386762643969,0.3690166692154764,1
insurance_churn_unwinding,data_clean/cms/cms_updated_renewal_outcomes_state_month_2023.csv,termination_rate_due,float64,510,full_file,510,413,97,413,0.0005365218057791,0.2150459409714896,0.3225603937521973,0.4349016362131533,0.7698423909753194,0.3219690167428658,0.1549872395845518,0.4788193913442422,1
insurance_churn_unwinding,data_clean/cms/cms_updated_renewal_outcomes_state_month_2023.csv,ineligible_termination_rate_due,float64,510,full_file,510,413,97,413,0.0005365218057791,0.0490309400284938,0.0791373786639889,0.1226405215069246,0.3342125094197438,0.09155630901121649,0.058759002617892235,0.1827496559106897,1
insurance_churn_unwinding,data_clean/cms/cms_updated_renewal_outcomes_state_month_2023.csv,procedural_burden_due,float64,510,full_file,510,413,97,403,0.0,0.135249489637618,0.2239087634228332,0.3133826942203558,0.6675275391345596,0.23041270773164924,0.13597300091504846,0.0,11
insurance_churn_unwinding,data_clean/cms/cms_updated_renewal_outcomes_state_month_2023.csv,procedural_share_terminations,float64,510,full_file,510,413,97,403,0.0,0.5922937821671999,0.7264832900694937,0.7999222650760905,0.9814146083104628,0.661479326200165,0.2259847685381171,0.0,11
insurance_churn_unwinding,data_clean/cms/cms_updated_renewal_outcomes_state_month_2023.csv,ex_parte_rate_due,float64,510,full_file,510,413,97,413,0.0,0.2147442286990152,0.3271322819439974,0.4856816941229163,0.9994634781942208,0.36119152358697,0.20870144529272264,0.1824437987459856,1
insurance_churn_unwinding,data_clean/cms/cms_updated_renewal_outcomes_state_month_2023.csv,ex_parte_rate_renewed,float64,510,full_file,510,413,97,409,0.0,0.3978389616935484,0.5587849272959624,0.7359001530672319,1.0,0.5569140590945287,0.23696031674165863,1.0,5
insurance_churn_unwinding,data_clean/cms/cms_updated_renewal_outcomes_state_month_2023.csv,form_rate_due,float64,510,full_file,510,413,97,409,0.0,0.1656690676676473,0.2449434032287994,0.3379808855552867,0.8755378132623641,0.25798132695220766,0.14352677788571877,0.0,5
insurance_churn_unwinding,data_clean/cms/cms_updated_renewal_outcomes_state_month_2023.csv,form_rate_renewed,float64,510,full_file,510,413,97,409,0.0,0.2640998469327681,0.4412150727040376,0.6021610383064516,1.0,0.4430859409054713,0.23696031674165863,0.0,5
insurance_churn_unwinding,data_clean/cms/cms_updated_renewal_outcomes_state_month_2023.csv,pending_rate_due,float64,510,full_file,510,413,97,347,0.0,0.0012051822838204,0.0220034184742049,0.0811913970514778,0.6704010296311463,0.05885813271795636,0.08688354348686726,0.0,67
insurance_churn_unwinding,data_clean/cms/cms_updated_renewal_outcomes_state_month_2023.csv,completion_rate_due,float64,510,full_file,510,413,97,347,0.3295989703688536,0.9188086029485222,0.977996581525795,0.9987948177161796,1.0,0.9411418672820437,0.08688354348686726,1.0,67
insurance_churn_unwinding,data_clean/cms/cms_updated_renewal_outcomes_state_month_2023.csv,burden_index_simple,float64,510,full_file,510,413,97,413,-7.236496182249925,-1.4223112713108808,0.2754794218434161,1.7422221295597569,6.501091999505235,-2.408619443254577e-16,2.3712738014206542,1.918058373315351,1
insurance_churn_unwinding,data_clean/cms/cms_updated_renewal_outcomes_state_month_2023.csv,metric5_identity_gap,float64,510,full_file,510,415,95,1,0.0,0.0,0.0,0.0,0.0,0.0,0.0,0.0,415
insurance_churn_unwinding,data_clean/cms/cms_updated_renewal_outcomes_state_month_2023.csv,metric5_identity_gap_rate,float64,510,full_file,510,413,97,1,0.0,0.0,0.0,0.0,0.0,0.0,0.0,0.0,413
insurance_churn_unwinding,data_clean/cms/cms_updated_renewal_outcomes_state_month_2023.csv,metric5a_identity_gap,float64,510,full_file,510,415,95,1,0.0,0.0,0.0,0.0,0.0,0.0,0.0,0.0,415
insurance_churn_unwinding,data_clean/cms/cms_updated_renewal_outcomes_state_month_2023.csv,metric5a_identity_gap_rate,float64,510,full_file,510,413,97,1,0.0,0.0,0.0,0.0,0.0,0.0,0.0,0.0,413
insurance_churn_unwinding,data_clean/cms/cms_updated_renewal_outcomes_state_month_2023.csv,cms_release_yyyymm,int64,510,full_file,510,510,0,4,202404,202404.0,202404.0,202405.0,202407,202404.7,1.0059742953513584,202404,306
insurance_churn_unwinding,data_clean/cms/cms_updated_renewal_outcomes_state_month_2023.csv,cms_data_type,object,510,full_file,510,510,0,1,,,,,,,,Updated,510
insurance_churn_unwinding,data_clean/cms/cms_updated_renewal_outcomes_state_month_2023.csv,renewals_due_raw,object,510,full_file,510,416,94,414,0.0,31164.5,91769.0,159118.5,1208535.0,136228.8795180723,177117.50259538993,31863,2
insurance_churn_unwinding,data_clean/cms/cms_updated_renewal_outcomes_state_month_2023.csv,renewed_total_raw,object,510,full_file,510,416,94,415,0.0,16416.0,52080.0,101902.0,913640.0,83986.13734939758,109016.55826295567,0,2
insurance_churn_unwinding,data_clean/cms/cms_updated_renewal_outcomes_state_month_2023.csv,ex_parte_renewed_raw,object,510,full_file,510,416,94,411,0.0,7343.0,23396.0,64066.5,781853.0,47106.50361445783,68992.49460401743,0,3
insurance_churn_unwinding,data_clean/cms/cms_updated_renewal_outcomes_state_month_2023.csv,form_renewed_raw,object,510,full_file,510,416,94,408,0.0,6055.5,17970.0,37564.5,395339.0,36879.63373493976,57177.53559684369,0,7
insurance_churn_unwinding,data_clean/cms/cms_updated_renewal_outcomes_state_month_2023.csv,ineligible_terminations_raw,object,510,full_file,510,416,94,411,0.0,2108.0,5792.0,14354.5,192632.0,12898.744578313253,21105.758058397863,1895,2
insurance_churn_unwinding,data_clean/cms/cms_updated_renewal_outcomes_state_month_2023.csv,procedural_terminations_raw,object,510,full_file,510,416,94,402,0.0,4561.5,19880.0,42798.5,465863.0,30613.026506024096,44181.02094574631,0,13
insurance_churn_unwinding,data_clean/cms/cms_updated_renewal_outcomes_state_month_2023.csv,pending_renewals_raw,object,510,full_file,510,416,94,336,0.0,85.5,1131.0,5966.5,240916.0,8730.971084337349,26055.756921416694,0,69
insurance_churn_unwinding,data_clean/cms/cms_updated_renewal_outcomes_state_month_2023_2024_optional.csv,state_name,object,663,full_file,663,663,0,51,,,,,,,,Alaska,13
insurance_churn_unwinding,data_clean/cms/cms_updated_renewal_outcomes_state_month_2023_2024_optional.csv,state_abbr,object,663,full_file,663,663,0,51,,,,,,,,AK,13
insurance_churn_unwinding,data_clean/cms/cms_updated_renewal_outcomes_state_month_2023_2024_optional.csv,state_fips,int64,663,full_file,663,663,0,51,1,16.0,29.0,42.0,56,28.96078431372549,15.688671437330662,2,13
insurance_churn_unwinding,data_clean/cms/cms_updated_renewal_outcomes_state_month_2023_2024_optional.csv,cms_reporting_yyyymm,int64,663,full_file,663,663,0,13,202303,202306.0,202309.0,202312.0,202403,202329.3076923077,39.926882394169866,202303,51
insurance_churn_unwinding,data_clean/cms/cms_updated_renewal_outcomes_state_month_2023_2024_optional.csv,cms_reporting_year,int64,663,full_file,663,663,0,2,2023,2023.0,2023.0,2023.0,2024,2023.2307692307693,0.42164314548370796,2023,510
insurance_churn_unwinding,data_clean/cms/cms_updated_renewal_outcomes_state_month_2023_2024_optional.csv,cms_reporting_month,int64,663,full_file,663,663,0,12,1,3.0,6.0,9.0,12,6.230769230769231,3.4478620521495684,3,102
insurance_churn_unwinding,data_clean/cms/cms_updated_renewal_outcomes_state_month_2023_2024_optional.csv,sipp_month_same,int64,663,full_file,663,663,0,12,1,3.0,6.0,9.0,12,6.230769230769231,3.4478620521495684,3,102
insurance_churn_unwinding,data_clean/cms/cms_updated_renewal_outcomes_state_month_2023_2024_optional.csv,sipp_month_plus1,int64,663,full_file,663,663,0,12,2,4.0,7.0,10.0,13,7.230769230769231,3.4478620521495684,4,102
insurance_churn_unwinding,data_clean/cms/cms_updated_renewal_outcomes_state_month_2023_2024_optional.csv,renewals_due,float64,663,full_file,663,568,95,565,0.0,30475.0,92462.0,155650.0,1234466.0,135225.18309859154,178127.14108741825,0.0,3
insurance_churn_unwinding,data_clean/cms/cms_updated_renewal_outcomes_state_month_2023_2024_optional.csv,renewed_total,float64,663,full_file,663,568,95,566,0.0,16853.75,55671.5,102545.75,919402.0,86300.42253521127,115619.46055163674,0.0,3
insurance_churn_unwinding,data_clean/cms/cms_updated_renewal_outcomes_state_month_2023_2024_optional.csv,ex_parte_renewed,float64,663,full_file,663,568,95,561,0.0,7931.0,25631.0,68225.75,787300.0,51055.77640845071,81605.80429816851,0.0,4
insurance_churn_unwinding,data_clean/cms/cms_updated_renewal_outcomes_state_month_2023_2024_optional.csv,form_renewed,float64,663,full_file,663,568,95,557,0.0,6058.75,16802.5,37365.25,395339.0,35244.64612676056,54147.905207003634,0.0,8
insurance_churn_unwinding,data_clean/cms/cms_updated_renewal_outcomes_state_month_2023_2024_optional.csv,ineligible_terminations,float64,663,full_file,663,568,95,558,0.0,2015.0,5622.5,14327.25,192632.0,12254.302816901409,19779.759513159912,0.0,3
insurance_churn_unwinding,data_clean/cms/cms_updated_renewal_outcomes_state_month_2023_2024_optional.csv,procedural_terminations,float64,663,full_file,663,568,95,552,0.0,4281.5,17406.5,39748.25,465863.0,28127.665492957745,40182.268861632336,0.0,14
insurance_churn_unwinding,data_clean/cms/cms_updated_renewal_outcomes_state_month_2023_2024_optional.csv,pending_renewals,float64,663,full_file,663,568,95,441,0.0,53.5,975.5,5689.0,240916.0,8542.792253521127,26286.855406047012,0.0,95
insurance_churn_unwinding,data_clean/cms/cms_updated_renewal_outcomes_state_month_2023_2024_optional.csv,renewal_success_rate_due,float64,663,full_file,663,565,98,565,0.1905978323848478,0.5292478435117964,0.6484113044866677,0.7377652603106438,0.9994634781942208,0.6384512193176024,0.14829632431719209,0.3690166692154764,1
insurance_churn_unwinding,data_clean/cms/cms_updated_renewal_outcomes_state_month_2023_2024_optional.csv,termination_rate_due,float64,663,full_file,663,565,98,565,0.0005365218057791,0.1973249809531871,0.2919018868981747,0.4069410845920874,0.7698423909753194,0.30511452686417234,0.14914938908569422,0.4788193913442422,1
insurance_churn_unwinding,data_clean/cms/cms_updated_renewal_outcomes_state_month_2023_2024_optional.csv,ineligible_termination_rate_due,float64,663,full_file,663,565,98,565,0.0005365218057791,0.0487137383689107,0.0750467766626977,0.1193323873234678,0.3342125094197438,0.08865009405436827,0.056326438392207884,0.1827496559106897,1
insurance_churn_unwinding,data_clean/cms/cms_updated_renewal_outcomes_state_month_2023_2024_optional.csv,procedural_burden_due,float64,663,full_file,663,565,98,555,0.0,0.1236688607053031,0.2052187931433667,0.2981061590632953,0.6675275391345596,0.21646443280980399,0.13029637605438726,0.0,11
insurance_churn_unwinding,data_clean/cms/cms_updated_renewal_outcomes_state_month_2023_2024_optional.csv,procedural_share_terminations,float64,663,full_file,663,565,98,555,0.0,0.5922937821671999,0.721001221001221,0.7979061506823706,0.9826245242429256,0.6624931758902485,0.21816422030550753,0.0,11
insurance_churn_unwinding,data_clean/cms/cms_updated_renewal_outcomes_state_month_2023_2024_optional.csv,ex_parte_rate_due,float64,663,full_file,663,565,98,565,0.0,0.2288861689106487,0.3486046354483411,0.5249758481559357,0.9994634781942208,0.383597095557357,0.21164827687062052,0.1824437987459856,1
insurance_churn_unwinding,data_clean/cms/cms_updated_renewal_outcomes_state_month_2023_2024_optional.csv,ex_parte_rate_renewed,float64,663,full_file,663,565,98,561,0.0,0.4182054438517302,0.5797895217870488,0.7720811371985306,1.0,0.5753727409520056,0.23542953174486062,1.0,5
insurance_churn_unwinding,data_clean/cms/cms_updated_renewal_outcomes_state_month_2023_2024_optional.csv,form_rate_due,float64,663,full_file,663,565,98,561,0.0,0.1506865775991085,0.2396052611934727,0.336521845489928,0.8755378132623641,0.25485412376024535,0.1446640792869198,0.0,5
insurance_churn_unwinding,data_clean/cms/cms_updated_renewal_outcomes_state_month_2023_2024_optional.csv,form_rate_renewed,float64,663,full_file,663,565,98,561,0.0,0.2279188628014694,0.4202104782129512,0.5817945561482697,1.0,0.4246272590479943,0.23542953174486062,0.0,5
insurance_churn_unwinding,data_clean/cms/cms_updated_renewal_outcomes_state_month_2023_2024_optional.csv,pending_rate_due,float64,663,full_file,663,565,98,474,0.0,0.0011299163381094,0.020238762103609,0.0783729213889788,0.6704010296311463,0.056434253818225165,0.08356623577349967,0.0,92
insurance_churn_unwinding,data_clean/cms/cms_updated_renewal_outcomes_state_month_2023_2024_optional.csv,completion_rate_due,float64,663,full_file,663,565,98,474,0.3295989703688536,0.9216270786110212,0.9797612378963908,0.9988700836618906,1.0,0.9435657461817747,0.08356623577349968,1.0,92
insurance_churn_unwinding,data_clean/cms/cms_updated_renewal_outcomes_state_month_2023_2024_optional.csv,burden_index_simple,float64,663,full_file,663,565,98,565,-7.236496182249925,-1.8355592478552525,0.0895580087933315,1.5929214263210705,6.501091999505235,-0.25993946106863547,2.400549750953611,1.918058373315351,1
insurance_churn_unwinding,data_clean/cms/cms_updated_renewal_outcomes_state_month_2023_2024_optional.csv,metric5_identity_gap,float64,663,full_file,663,568,95,1,0.0,0.0,0.0,0.0,0.0,0.0,0.0,0.0,568
insurance_churn_unwinding,data_clean/cms/cms_updated_renewal_outcomes_state_month_2023_2024_optional.csv,metric5_identity_gap_rate,float64,663,full_file,663,565,98,1,0.0,0.0,0.0,0.0,0.0,0.0,0.0,0.0,565
insurance_churn_unwinding,data_clean/cms/cms_updated_renewal_outcomes_state_month_2023_2024_optional.csv,metric5a_identity_gap,float64,663,full_file,663,568,95,1,0.0,0.0,0.0,0.0,0.0,0.0,0.0,0.0,568
insurance_churn_unwinding,data_clean/cms/cms_updated_renewal_outcomes_state_month_2023_2024_optional.csv,metric5a_identity_gap_rate,float64,663,full_file,663,565,98,1,0.0,0.0,0.0,0.0,0.0,0.0,0.0,0.0,565
insurance_churn_unwinding,data_clean/cms/cms_updated_renewal_outcomes_state_month_2023_2024_optional.csv,cms_release_yyyymm,int64,663,full_file,663,663,0,7,202404,202404.0,202405.0,202407.0,202410,202405.6923076923,2.054113391863405,202404,306
insurance_churn_unwinding,data_clean/cms/cms_updated_renewal_outcomes_state_month_2023_2024_optional.csv,cms_data_type,object,663,full_file,663,663,0,1,,,,,,,,Updated,663
insurance_churn_unwinding,data_clean/cms/cms_updated_renewal_outcomes_state_month_2023_2024_optional.csv,renewals_due_raw,object,663,full_file,663,569,94,566,0.0,30475.0,92462.0,155650.0,1234466.0,135225.18309859154,178127.14108741825,0,3
insurance_churn_unwinding,data_clean/cms/cms_updated_renewal_outcomes_state_month_2023_2024_optional.csv,renewed_total_raw,object,663,full_file,663,569,94,567,0.0,16853.75,55671.5,102545.75,919402.0,86300.42253521127,115619.46055163674,0,3
insurance_churn_unwinding,data_clean/cms/cms_updated_renewal_outcomes_state_month_2023_2024_optional.csv,ex_parte_renewed_raw,object,663,full_file,663,569,94,562,0.0,7931.0,25631.0,68225.75,787300.0,51055.77640845071,81605.80429816851,0,4
insurance_churn_unwinding,data_clean/cms/cms_updated_renewal_outcomes_state_month_2023_2024_optional.csv,form_renewed_raw,object,663,full_file,663,569,94,558,0.0,6058.75,16802.5,37365.25,395339.0,35244.64612676056,54147.905207003634,0,8
insurance_churn_unwinding,data_clean/cms/cms_updated_renewal_outcomes_state_month_2023_2024_optional.csv,ineligible_terminations_raw,object,663,full_file,663,569,94,559,0.0,2015.0,5622.5,14327.25,192632.0,12254.302816901409,19779.759513159912,0,3
insurance_churn_unwinding,data_clean/cms/cms_updated_renewal_outcomes_state_month_2023_2024_optional.csv,procedural_terminations_raw,object,663,full_file,663,569,94,553,0.0,4281.5,17406.5,39748.25,465863.0,28127.665492957745,40182.268861632336,0,14
insurance_churn_unwinding,data_clean/cms/cms_updated_renewal_outcomes_state_month_2023_2024_optional.csv,pending_renewals_raw,object,663,full_file,663,569,94,442,0.0,53.5,975.5,5689.0,240916.0,8542.792253521127,26286.855406047012,0,95
insurance_churn_unwinding,data_clean/policy_matrix/policy_events_official.csv,event_id,object,66,full_file,66,66,0,66,,,,,,,,evt_e14_AL,1
insurance_churn_unwinding,data_clean/policy_matrix/policy_events_official.csv,state_name,object,66,full_file,66,66,0,51,,,,,,,,Kansas,2
insurance_churn_unwinding,data_clean/policy_matrix/policy_events_official.csv,state_abbr,object,66,full_file,66,66,0,51,,,,,,,,KS,2
insurance_churn_unwinding,data_clean/policy_matrix/policy_events_official.csv,state_fips,int64,66,full_file,66,66,0,51,1,18.25,30.5,41.75,56,29.833333333333332,15.332803781268181,20,2
insurance_churn_unwinding,data_clean/policy_matrix/policy_events_official.csv,federal_or_state_source,object,66,full_file,66,66,0,1,,,,,,,,federal,66
insurance_churn_unwinding,data_clean/policy_matrix/policy_events_official.csv,source_id,object,66,full_file,66,66,0,2,,,,,,,,fed_cms_e14_archived_table_text,51
insurance_churn_unwinding,data_clean/policy_matrix/policy_events_official.csv,source_url,object,66,full_file,66,66,0,2,,,,,,,,https://www.medicaid.gov/resources-for-states/coronavirus-disease-2019-covid-19/unwinding-and-returning-regular-operations-after-covid-19/covid-19-phe-unwinding-section-1902e14a-waiver-approvals,51
insurance_churn_unwinding,data_clean/policy_matrix/policy_events_official.csv,local_file_path,object,66,full_file,66,66,0,2,,,,,,,,data_raw/policy_text/federal/federal__medicaid.gov__e14_waiver_approvals_archived_table.txt,51
insurance_churn_unwinding,data_clean/policy_matrix/policy_events_official.csv,document_title,object,66,full_file,66,66,0,2,,,,,,,,CMS E14 waiver approvals archived table text,51
insurance_churn_unwinding,data_clean/policy_matrix/policy_events_official.csv,page_number_or_section,object,66,full_file,66,66,0,1,,,,,,,,state table,66
insurance_churn_unwinding,data_clean/policy_matrix/policy_events_official.csv,policy_authority,object,66,full_file,66,66,0,2,,,,,,,,Section 1902(e)(14)(A),51
insurance_churn_unwinding,data_clean/policy_matrix/policy_events_official.csv,policy_category,object,66,full_file,66,66,0,2,,,,,,,,ex_parte_increase,51
insurance_churn_unwinding,data_clean/policy_matrix/policy_events_official.csv,policy_subcategory,object,66,full_file,66,66,0,2,,,,,,,,e14_strategy_counts,51
insurance_churn_unwinding,data_clean/policy_matrix/policy_events_official.csv,policy_description_short,object,66,full_file,66,66,0,13,,,,,,,,CMS table reports 13 approved E14 strategies.,11
insurance_churn_unwinding,data_clean/policy_matrix/policy_events_official.csv,affected_population,object,66,full_file,66,66,0,4,,,,,,,,Medicaid/CHIP beneficiaries subject to unwinding renewals,51
insurance_churn_unwinding,data_clean/policy_matrix/policy_events_official.csv,posted_date,object,66,full_file,66,66,0,2,,,,,,,,2024-12-11,51
insurance_churn_unwinding,data_clean/policy_matrix/policy_events_official.csv,approval_date,float64,66,full_file,66,0,66,0,,,,,,,,,
insurance_churn_unwinding,data_clean/policy_matrix/policy_events_official.csv,effective_start_date,float64,66,full_file,66,0,66,0,,,,,,,,,
insurance_churn_unwinding,data_clean/policy_matrix/policy_events_official.csv,effective_end_date,float64,66,full_file,66,0,66,0,,,,,,,,,
insurance_churn_unwinding,data_clean/policy_matrix/policy_events_official.csv,renewal_due_month_start,object,66,full_file,66,15,51,4,,,,,,,,2023-09,6
insurance_churn_unwinding,data_clean/policy_matrix/policy_events_official.csv,renewal_due_month_end,object,66,full_file,66,15,51,7,,,,,,,,end_of_unwinding_unspecified,9
insurance_churn_unwinding,data_clean/policy_matrix/policy_events_official.csv,implementation_month_start,float64,66,full_file,66,0,66,0,,,,,,,,,
insurance_churn_unwinding,data_clean/policy_matrix/policy_events_official.csv,implementation_month_end,float64,66,full_file,66,0,66,0,,,,,,,,,
insurance_churn_unwinding,data_clean/policy_matrix/policy_events_official.csv,extracted_date_text,object,66,full_file,66,66,0,11,,,,,,,,"Approved E14 strategies as of December 11, 2024; state implementation months not provided.",51
insurance_churn_unwinding,data_clean/policy_matrix/policy_events_official.csv,quoted_evidence_text,object,66,full_file,66,66,0,66,,,,,,,,Alabama: total=15; ex parte=2; form support=8; contact update=0; reinstatement=2; other=3,1
insurance_churn_unwinding,data_clean/policy_matrix/policy_events_official.csv,confidence,object,66,full_file,66,66,0,2,,,,,,,,medium,60
insurance_churn_unwinding,data_clean/policy_matrix/policy_events_official.csv,ambiguity_flag,bool,66,full_file,66,66,0,2,0.0,1.0,1.0,1.0,1.0,0.9090909090909091,0.28968272975116055,True,60
insurance_churn_unwinding,data_clean/policy_matrix/policy_events_official.csv,notes,object,66,full_file,66,66,0,2,,,,,,,,"Use as documented strategy count, not precise implementation timing.",51
insurance_churn_unwinding,data_clean/policy_matrix/state_month_policy_matrix_official.csv,state_name,object,816,full_file,816,816,0,51,,,,,,,,Alabama,16
insurance_churn_unwinding,data_clean/policy_matrix/state_month_policy_matrix_official.csv,state_abbr,object,816,full_file,816,816,0,51,,,,,,,,AL,16
insurance_churn_unwinding,data_clean/policy_matrix/state_month_policy_matrix_official.csv,state_fips,int64,816,full_file,816,816,0,51,1,16.0,29.0,42.0,56,28.96078431372549,15.686450137354358,1,16
insurance_churn_unwinding,data_clean/policy_matrix/state_month_policy_matrix_official.csv,year,int64,816,full_file,816,816,0,2,2023,2023.0,2023.0,2024.0,2024,2023.375,0.48441983515037507,2023,510
insurance_churn_unwinding,data_clean/policy_matrix/state_month_policy_matrix_official.csv,month,int64,816,full_file,816,816,0,12,1,3.75,5.5,8.25,12,6.0,3.1642171130708316,3,102
insurance_churn_unwinding,data_clean/policy_matrix/state_month_policy_matrix_official.csv,yyyymm,int64,816,full_file,816,816,0,16,202303,202306.75,202310.5,202402.25,202406,202343.5,46.57153610801476,202303,51
insurance_churn_unwinding,data_clean/policy_matrix/state_month_policy_matrix_official.csv,e14_total_strategy_count,int64,816,full_file,816,816,0,8,9,11.0,12.0,13.0,17,12.058823529411764,1.7321133127856048,11,176
insurance_churn_unwinding,data_clean/policy_matrix/state_month_policy_matrix_official.csv,e14_ex_parte_strategy_count,int64,816,full_file,816,816,0,3,1,1.0,2.0,2.0,3,1.5686274509803921,0.5693143683361463,2,400
insurance_churn_unwinding,data_clean/policy_matrix/state_month_policy_matrix_official.csv,e14_form_submission_completion_strategy_count,int64,816,full_file,816,816,0,5,4,5.0,5.0,6.0,8,5.470588235294118,0.7507003827077872,5,400
insurance_churn_unwinding,data_clean/policy_matrix/state_month_policy_matrix_official.csv,e14_contact_update_strategy_count,int64,816,full_file,816,816,0,2,0,1.0,1.0,1.0,1,0.7843137254901961,0.4115498399716673,1,640
insurance_churn_unwinding,data_clean/policy_matrix/state_month_policy_matrix_official.csv,e14_reinstatement_strategy_count,int64,816,full_file,816,816,0,3,1,1.0,1.0,1.0,3,1.2549019607843137,0.478982039389266,1,624
insurance_churn_unwinding,data_clean/policy_matrix/state_month_policy_matrix_official.csv,e14_other_strategy_count,int64,816,full_file,816,816,0,3,2,3.0,3.0,3.0,4,2.980392156862745,0.2418899879484433,3,768
insurance_churn_unwinding,data_clean/policy_matrix/state_month_policy_matrix_official.csv,e14_any_approved,int64,816,full_file,816,816,0,1,1,1.0,1.0,1.0,1,1.0,0.0,1,816
insurance_churn_unwinding,data_clean/policy_matrix/state_month_policy_matrix_official.csv,e14_ex_parte_any,int64,816,full_file,816,816,0,1,1,1.0,1.0,1.0,1,1.0,0.0,1,816
insurance_churn_unwinding,data_clean/policy_matrix/state_month_policy_matrix_official.csv,e14_form_submission_completion_any,int64,816,full_file,816,816,0,1,1,1.0,1.0,1.0,1,1.0,0.0,1,816
insurance_churn_unwinding,data_clean/policy_matrix/state_month_policy_matrix_official.csv,e14_contact_update_any,int64,816,full_file,816,816,0,2,0,1.0,1.0,1.0,1,0.7843137254901961,0.4115498399716673,1,640
insurance_churn_unwinding,data_clean/policy_matrix/state_month_policy_matrix_official.csv,e14_reinstatement_any,int64,816,full_file,816,816,0,1,1,1.0,1.0,1.0,1,1.0,0.0,1,816
insurance_churn_unwinding,data_clean/policy_matrix/state_month_policy_matrix_official.csv,e14_other_any,int64,816,full_file,816,816,0,1,1,1.0,1.0,1.0,1,1.0,0.0,1,816
insurance_churn_unwinding,data_clean/policy_matrix/state_month_policy_matrix_official.csv,delay_procedural_disenrollment_any,int64,816,full_file,816,816,0,2,0,0.0,0.0,0.0,1,0.13970588235294118,0.3468942474445789,0,702
insurance_churn_unwinding,data_clean/policy_matrix/state_month_policy_matrix_official.csv,delay_procedural_disenrollment_months,float64,816,full_file,816,719,97,5,0.0,0.0,0.0,0.0,9.0,0.1349095966620306,1.0247044339967613,0.0,702
insurance_churn_unwinding,data_clean/policy_matrix/state_month_policy_matrix_official.csv,delay_procedural_disenrollment_all_beneficiaries,int64,816,full_file,816,816,0,2,0,0.0,0.0,0.0,1,0.0661764705882353,0.2487427788839597,0,762
insurance_churn_unwinding,data_clean/policy_matrix/state_month_policy_matrix_official.csv,delay_procedural_disenrollment_MAGI,int64,816,full_file,816,816,0,2,0,0.0,0.0,0.0,1,0.013480392156862746,0.11539059135005753,0,805
insurance_churn_unwinding,data_clean/policy_matrix/state_month_policy_matrix_official.csv,delay_procedural_disenrollment_nonMAGI,int64,816,full_file,816,816,0,2,0,0.0,0.0,0.0,1,0.06004901960784314,0.23772334810061563,0,767
insurance_churn_unwinding,data_clean/policy_matrix/state_month_policy_matrix_official.csv,pause_termination_any,int64,816,full_file,816,816,0,1,0,0.0,0.0,0.0,0,0.0,0.0,0,816
insurance_churn_unwinding,data_clean/policy_matrix/state_month_policy_matrix_official.csv,renewal_started_this_month,int64,816,full_file,816,816,0,1,0,0.0,0.0,0.0,0,0.0,0.0,0,816
insurance_churn_unwinding,data_clean/policy_matrix/state_month_policy_matrix_official.csv,renewal_staggered_over_12_months,int64,816,full_file,816,816,0,1,0,0.0,0.0,0.0,0,0.0,0.0,0,816
insurance_churn_unwinding,data_clean/policy_matrix/state_month_policy_matrix_official.csv,renewal_due_cohort_schedule_available,int64,816,full_file,816,816,0,1,0,0.0,0.0,0.0,0,0.0,0.0,0,816
insurance_churn_unwinding,data_clean/policy_matrix/state_month_policy_matrix_official.csv,official_ex_parte_improvement_policy_active,int64,816,full_file,816,816,0,1,0,0.0,0.0,0.0,0,0.0,0.0,0,816
insurance_churn_unwinding,data_clean/policy_matrix/state_month_policy_matrix_official.csv,official_manual_form_support_policy_active,int64,816,full_file,816,816,0,1,0,0.0,0.0,0.0,0,0.0,0.0,0,816
insurance_churn_unwinding,data_clean/policy_matrix/state_month_policy_matrix_official.csv,official_contact_update_policy_active,int64,816,full_file,816,816,0,1,0,0.0,0.0,0.0,0,0.0,0.0,0,816
insurance_churn_unwinding,data_clean/policy_matrix/state_month_policy_matrix_official.csv,official_mco_or_provider_outreach_policy_active,int64,816,full_file,816,816,0,1,0,0.0,0.0,0.0,0,0.0,0.0,0,816
insurance_churn_unwinding,data_clean/policy_matrix/state_month_policy_matrix_official.csv,official_targeted_outreach_policy_active,int64,816,full_file,816,816,0,1,0,0.0,0.0,0.0,0,0.0,0.0,0,816
insurance_churn_unwinding,data_clean/policy_matrix/state_month_policy_matrix_official.csv,official_reinstatement_policy_active,int64,816,full_file,816,816,0,1,0,0.0,0.0,0.0,0,0.0,0.0,0,816
insurance_churn_unwinding,data_clean/policy_matrix/state_month_policy_matrix_official.csv,official_reconsideration_extension_active,int64,816,full_file,816,816,0,1,0,0.0,0.0,0.0,0,0.0,0.0,0,816
insurance_churn_unwinding,data_clean/policy_matrix/state_month_policy_matrix_official.csv,cms_mitigation_strategy_active,int64,816,full_file,816,816,0,2,0,0.0,0.0,0.0,1,0.13970588235294118,0.3468942474445789,0,702
insurance_churn_unwinding,data_clean/policy_matrix/state_month_policy_matrix_official.csv,cms_compliance_plan_required_or_available,int64,816,full_file,816,816,0,1,0,0.0,0.0,0.0,0,0.0,0.0,0,816
insurance_churn_unwinding,data_clean/policy_matrix/state_month_policy_matrix_official.csv,individual_level_exparte_compliance_issue_flag,int64,816,full_file,816,816,0,1,0,0.0,0.0,0.0,0,0.0,0.0,0,816
insurance_churn_unwinding,data_clean/policy_matrix/state_month_policy_matrix_official.csv,renewal_requirement_correction_plan_flag,int64,816,full_file,816,816,0,1,0,0.0,0.0,0.0,0,0.0,0.0,0,816
insurance_churn_unwinding,data_clean/policy_matrix/state_month_policy_matrix_official.csv,renewal_start_month,float64,816,full_file,816,0,816,0,,,,,,,,,
insurance_churn_unwinding,data_clean/policy_matrix/state_month_policy_matrix_official.csv,first_procedural_termination_month,float64,816,full_file,816,0,816,0,,,,,,,,,
insurance_churn_unwinding,data_clean/policy_matrix/state_month_policy_matrix_official.csv,planned_unwinding_completion_month,float64,816,full_file,816,0,816,0,,,,,,,,,
insurance_churn_unwinding,data_clean/policy_matrix/state_month_policy_matrix_official.csv,pause_or_delay_evidence_source_id,object,816,full_file,816,114,702,1,,,,,,,,fed_cms_delay_archived_table_text,114
insurance_churn_unwinding,data_clean/policy_matrix/state_month_policy_matrix_official.csv,n_official_sources_supporting_state_month,int64,816,full_file,816,816,0,2,1,1.0,1.0,1.0,2,1.1397058823529411,0.3468942474445789,1,702
insurance_churn_unwinding,data_clean/policy_matrix/state_month_policy_matrix_official.csv,n_federal_sources_supporting_state_month,int64,816,full_file,816,816,0,2,1,1.0,1.0,1.0,2,1.1397058823529411,0.3468942474445789,1,702
insurance_churn_unwinding,data_clean/policy_matrix/state_month_policy_matrix_official.csv,n_state_sources_supporting_state_month,int64,816,full_file,816,816,0,1,0,0.0,0.0,0.0,0,0.0,0.0,0,816
insurance_churn_unwinding,data_clean/policy_matrix/state_month_policy_matrix_official.csv,highest_source_grade,object,816,full_file,816,816,0,1,,,,,,,,official_federal,816
insurance_churn_unwinding,data_clean/policy_matrix/state_month_policy_matrix_official.csv,has_direct_state_source,bool,816,full_file,816,816,0,1,0.0,0.0,0.0,0.0,0.0,0.0,0.0,False,816
insurance_churn_unwinding,data_clean/policy_matrix/state_month_policy_matrix_official.csv,has_direct_federal_state_table_source,bool,816,full_file,816,816,0,1,1.0,1.0,1.0,1.0,1.0,1.0,0.0,True,816
insurance_churn_unwinding,data_clean/policy_matrix/state_month_policy_matrix_official.csv,policy_coding_confidence,object,816,full_file,816,816,0,3,,,,,,,,medium_documented_no_month,702
insurance_churn_unwinding,data_clean/policy_matrix/state_month_policy_matrix_official.csv,L1_e14_total_strategy_count,float64,816,full_file,816,765,51,8,9.0,11.0,12.0,13.0,17.0,12.058823529411764,1.73218416021238,11.0,165
insurance_churn_unwinding,data_clean/policy_matrix/state_month_policy_matrix_official.csv,L2_e14_total_strategy_count,float64,816,full_file,816,714,102,8,9.0,11.0,12.0,13.0,17.0,12.058823529411764,1.7322651393461619,11.0,154
insurance_churn_unwinding,data_clean/policy_matrix/state_month_policy_matrix_official.csv,L1_e14_ex_parte_strategy_count,float64,816,full_file,816,765,51,3,1.0,1.0,2.0,2.0,3.0,1.5686274509803921,0.5693376546060023,2.0,375
insurance_churn_unwinding,data_clean/policy_matrix/state_month_policy_matrix_official.csv,L2_e14_ex_parte_strategy_count,float64,816,full_file,816,714,102,3,1.0,1.0,2.0,2.0,3.0,1.5686274509803921,0.5693642709849985,2.0,350
insurance_churn_unwinding,data_clean/policy_matrix/state_month_policy_matrix_official.csv,L1_e14_form_submission_completion_strategy_count,float64,816,full_file,816,765,51,5,4.0,5.0,5.0,6.0,8.0,5.470588235294118,0.7507310880837007,5.0,375
insurance_churn_unwinding,data_clean/policy_matrix/state_month_policy_matrix_official.csv,L2_e14_form_submission_completion_strategy_count,float64,816,full_file,816,714,102,5,4.0,5.0,5.0,6.0,8.0,5.470588235294118,0.750766184555896,5.0,350
insurance_churn_unwinding,data_clean/policy_matrix/state_month_policy_matrix_official.csv,L1_e14_contact_update_strategy_count,float64,816,full_file,816,765,51,2,0.0,1.0,1.0,1.0,1.0,0.7843137254901961,0.4115666733086877,1.0,600
insurance_churn_unwinding,data_clean/policy_matrix/state_month_policy_matrix_official.csv,L2_e14_contact_update_strategy_count,float64,816,full_file,816,714,102,2,0.0,1.0,1.0,1.0,1.0,0.7843137254901961,0.41158591393763666,1.0,560
insurance_churn_unwinding,data_clean/policy_matrix/state_month_policy_matrix_official.csv,L1_e14_reinstatement_strategy_count,float64,816,full_file,816,765,51,3,1.0,1.0,1.0,1.0,3.0,1.2549019607843137,0.4790016308586645,1.0,585
insurance_churn_unwinding,data_clean/policy_matrix/state_month_policy_matrix_official.csv,L2_e14_reinstatement_strategy_count,float64,816,full_file,816,714,102,3,1.0,1.0,1.0,1.0,3.0,1.2549019607843137,0.4790240240533593,1.0,546
insurance_churn_unwinding,data_clean/policy_matrix/state_month_policy_matrix_official.csv,L1_e14_other_strategy_count,float64,816,full_file,816,765,51,3,2.0,3.0,3.0,3.0,4.0,2.980392156862745,0.24189988180647343,3.0,720
insurance_churn_unwinding,data_clean/policy_matrix/state_month_policy_matrix_official.csv,L2_e14_other_strategy_count,float64,816,full_file,816,714,102,3,2.0,3.0,3.0,3.0,4.0,2.980392156862745,0.24191119055951513,3.0,672
insurance_churn_unwinding,data_clean/policy_matrix/state_month_policy_matrix_official.csv,L1_e14_any_approved,float64,816,full_file,816,765,51,1,1.0,1.0,1.0,1.0,1.0,1.0,0.0,1.0,765
insurance_churn_unwinding,data_clean/policy_matrix/state_month_policy_matrix_official.csv,L2_e14_any_approved,float64,816,full_file,816,714,102,1,1.0,1.0,1.0,1.0,1.0,1.0,0.0,1.0,714
insurance_churn_unwinding,data_clean/policy_matrix/state_month_policy_matrix_official.csv,L1_e14_ex_parte_any,float64,816,full_file,816,765,51,1,1.0,1.0,1.0,1.0,1.0,1.0,0.0,1.0,765
insurance_churn_unwinding,data_clean/policy_matrix/state_month_policy_matrix_official.csv,L2_e14_ex_parte_any,float64,816,full_file,816,714,102,1,1.0,1.0,1.0,1.0,1.0,1.0,0.0,1.0,714
insurance_churn_unwinding,data_clean/policy_matrix/state_month_policy_matrix_official.csv,L1_e14_form_submission_completion_any,float64,816,full_file,816,765,51,1,1.0,1.0,1.0,1.0,1.0,1.0,0.0,1.0,765
insurance_churn_unwinding,data_clean/policy_matrix/state_month_policy_matrix_official.csv,L2_e14_form_submission_completion_any,float64,816,full_file,816,714,102,1,1.0,1.0,1.0,1.0,1.0,1.0,0.0,1.0,714
insurance_churn_unwinding,data_clean/policy_matrix/state_month_policy_matrix_official.csv,L1_e14_contact_update_any,float64,816,full_file,816,765,51,2,0.0,1.0,1.0,1.0,1.0,0.7843137254901961,0.4115666733086877,1.0,600
insurance_churn_unwinding,data_clean/policy_matrix/state_month_policy_matrix_official.csv,L2_e14_contact_update_any,float64,816,full_file,816,714,102,2,0.0,1.0,1.0,1.0,1.0,0.7843137254901961,0.41158591393763666,1.0,560
insurance_churn_unwinding,data_clean/policy_matrix/state_month_policy_matrix_official.csv,L1_e14_reinstatement_any,float64,816,full_file,816,765,51,1,1.0,1.0,1.0,1.0,1.0,1.0,0.0,1.0,765
insurance_churn_unwinding,data_clean/policy_matrix/state_month_policy_matrix_official.csv,L2_e14_reinstatement_any,float64,816,full_file,816,714,102,1,1.0,1.0,1.0,1.0,1.0,1.0,0.0,1.0,714
insurance_churn_unwinding,data_clean/policy_matrix/state_month_policy_matrix_official.csv,L1_e14_other_any,float64,816,full_file,816,765,51,1,1.0,1.0,1.0,1.0,1.0,1.0,0.0,1.0,765
insurance_churn_unwinding,data_clean/policy_matrix/state_month_policy_matrix_official.csv,L2_e14_other_any,float64,816,full_file,816,714,102,1,1.0,1.0,1.0,1.0,1.0,1.0,0.0,1.0,714
insurance_churn_unwinding,data_clean/policy_matrix/state_month_policy_matrix_official.csv,L1_delay_procedural_disenrollment_any,float64,816,full_file,816,765,51,2,0.0,0.0,0.0,0.0,1.0,0.13725490196078433,0.3443413838109879,0.0,660
insurance_churn_unwinding,data_clean/policy_matrix/state_month_policy_matrix_official.csv,L2_delay_procedural_disenrollment_any,float64,816,full_file,816,714,102,2,0.0,0.0,0.0,0.0,1.0,0.13445378151260504,0.341378356509069,0.0,618
insurance_churn_unwinding,data_clean/policy_matrix/state_month_policy_matrix_official.csv,L1_delay_procedural_disenrollment_months,float64,816,full_file,816,677,139,5,0.0,0.0,0.0,0.0,9.0,0.1432791728212703,1.0554885575050859,0.0,660
insurance_churn_unwinding,data_clean/policy_matrix/state_month_policy_matrix_official.csv,L2_delay_procedural_disenrollment_months,float64,816,full_file,816,635,181,5,0.0,0.0,0.0,0.0,9.0,0.15275590551181104,1.0892235804219659,0.0,618
insurance_churn_unwinding,data_clean/policy_matrix/state_month_policy_matrix_official.csv,L1_delay_procedural_disenrollment_all_beneficiaries,float64,816,full_file,816,765,51,2,0.0,0.0,0.0,0.0,1.0,0.06535947712418301,0.2473207906477683,0.0,715
insurance_churn_unwinding,data_clean/policy_matrix/state_month_policy_matrix_official.csv,L2_delay_procedural_disenrollment_all_beneficiaries,float64,816,full_file,816,714,102,2,0.0,0.0,0.0,0.0,1.0,0.06442577030812324,0.24568196458441258,0.0,668
insurance_churn_unwinding,data_clean/policy_matrix/state_month_policy_matrix_official.csv,L1_delay_procedural_disenrollment_MAGI,float64,816,full_file,816,765,51,2,0.0,0.0,0.0,0.0,1.0,0.013071895424836602,0.11365697131257355,0.0,755
insurance_churn_unwinding,data_clean/policy_matrix/state_month_policy_matrix_official.csv,L2_delay_procedural_disenrollment_MAGI,float64,816,full_file,816,714,102,2,0.0,0.0,0.0,0.0,1.0,0.012605042016806723,0.11164054357774708,0.0,705
insurance_churn_unwinding,data_clean/policy_matrix/state_month_policy_matrix_official.csv,L1_delay_procedural_disenrollment_nonMAGI,float64,816,full_file,816,765,51,2,0.0,0.0,0.0,0.0,1.0,0.058823529411764705,0.2354480555880577,0.0,720
insurance_churn_unwinding,data_clean/policy_matrix/state_month_policy_matrix_official.csv,L2_delay_procedural_disenrollment_nonMAGI,float64,816,full_file,816,714,102,2,0.0,0.0,0.0,0.0,1.0,0.05742296918767507,0.23281212219354025,0.0,673
insurance_churn_unwinding,data_clean/policy_matrix/state_month_policy_matrix_official.csv,L1_pause_termination_any,float64,816,full_file,816,765,51,1,0.0,0.0,0.0,0.0,0.0,0.0,0.0,0.0,765
insurance_churn_unwinding,data_clean/policy_matrix/state_month_policy_matrix_official.csv,L2_pause_termination_any,float64,816,full_file,816,714,102,1,0.0,0.0,0.0,0.0,0.0,0.0,0.0,0.0,714
insurance_churn_unwinding,data_clean/policy_matrix/state_month_policy_matrix_official.csv,L1_renewal_started_this_month,float64,816,full_file,816,765,51,1,0.0,0.0,0.0,0.0,0.0,0.0,0.0,0.0,765
insurance_churn_unwinding,data_clean/policy_matrix/state_month_policy_matrix_official.csv,L2_renewal_started_this_month,float64,816,full_file,816,714,102,1,0.0,0.0,0.0,0.0,0.0,0.0,0.0,0.0,714
insurance_churn_unwinding,data_clean/policy_matrix/state_month_policy_matrix_official.csv,L1_renewal_staggered_over_12_months,float64,816,full_file,816,765,51,1,0.0,0.0,0.0,0.0,0.0,0.0,0.0,0.0,765
insurance_churn_unwinding,data_clean/policy_matrix/state_month_policy_matrix_official.csv,L2_renewal_staggered_over_12_months,float64,816,full_file,816,714,102,1,0.0,0.0,0.0,0.0,0.0,0.0,0.0,0.0,714
insurance_churn_unwinding,data_clean/policy_matrix/state_month_policy_matrix_official.csv,L1_renewal_due_cohort_schedule_available,float64,816,full_file,816,765,51,1,0.0,0.0,0.0,0.0,0.0,0.0,0.0,0.0,765
insurance_churn_unwinding,data_clean/policy_matrix/state_month_policy_matrix_official.csv,L2_renewal_due_cohort_schedule_available,float64,816,full_file,816,714,102,1,0.0,0.0,0.0,0.0,0.0,0.0,0.0,0.0,714
insurance_churn_unwinding,data_clean/policy_matrix/state_month_policy_matrix_official.csv,L1_official_ex_parte_improvement_policy_active,float64,816,full_file,816,765,51,1,0.0,0.0,0.0,0.0,0.0,0.0,0.0,0.0,765
insurance_churn_unwinding,data_clean/policy_matrix/state_month_policy_matrix_official.csv,L2_official_ex_parte_improvement_policy_active,float64,816,full_file,816,714,102,1,0.0,0.0,0.0,0.0,0.0,0.0,0.0,0.0,714
insurance_churn_unwinding,data_clean/policy_matrix/state_month_policy_matrix_official.csv,L1_official_manual_form_support_policy_active,float64,816,full_file,816,765,51,1,0.0,0.0,0.0,0.0,0.0,0.0,0.0,0.0,765
insurance_churn_unwinding,data_clean/policy_matrix/state_month_policy_matrix_official.csv,L2_official_manual_form_support_policy_active,float64,816,full_file,816,714,102,1,0.0,0.0,0.0,0.0,0.0,0.0,0.0,0.0,714
insurance_churn_unwinding,data_clean/policy_matrix/state_month_policy_matrix_official.csv,L1_official_contact_update_policy_active,float64,816,full_file,816,765,51,1,0.0,0.0,0.0,0.0,0.0,0.0,0.0,0.0,765
insurance_churn_unwinding,data_clean/policy_matrix/state_month_policy_matrix_official.csv,L2_official_contact_update_policy_active,float64,816,full_file,816,714,102,1,0.0,0.0,0.0,0.0,0.0,0.0,0.0,0.0,714
insurance_churn_unwinding,data_clean/policy_matrix/state_month_policy_matrix_official.csv,L1_official_mco_or_provider_outreach_policy_active,float64,816,full_file,816,765,51,1,0.0,0.0,0.0,0.0,0.0,0.0,0.0,0.0,765
insurance_churn_unwinding,data_clean/policy_matrix/state_month_policy_matrix_official.csv,L2_official_mco_or_provider_outreach_policy_active,float64,816,full_file,816,714,102,1,0.0,0.0,0.0,0.0,0.0,0.0,0.0,0.0,714
insurance_churn_unwinding,data_clean/policy_matrix/state_month_policy_matrix_official.csv,L1_official_targeted_outreach_policy_active,float64,816,full_file,816,765,51,1,0.0,0.0,0.0,0.0,0.0,0.0,0.0,0.0,765
insurance_churn_unwinding,data_clean/policy_matrix/state_month_policy_matrix_official.csv,L2_official_targeted_outreach_policy_active,float64,816,full_file,816,714,102,1,0.0,0.0,0.0,0.0,0.0,0.0,0.0,0.0,714
insurance_churn_unwinding,data_clean/policy_matrix/state_month_policy_matrix_official.csv,L1_official_reinstatement_policy_active,float64,816,full_file,816,765,51,1,0.0,0.0,0.0,0.0,0.0,0.0,0.0,0.0,765
insurance_churn_unwinding,data_clean/policy_matrix/state_month_policy_matrix_official.csv,L2_official_reinstatement_policy_active,float64,816,full_file,816,714,102,1,0.0,0.0,0.0,0.0,0.0,0.0,0.0,0.0,714
insurance_churn_unwinding,data_clean/policy_matrix/state_month_policy_matrix_official.csv,L1_official_reconsideration_extension_active,float64,816,full_file,816,765,51,1,0.0,0.0,0.0,0.0,0.0,0.0,0.0,0.0,765
insurance_churn_unwinding,data_clean/policy_matrix/state_month_policy_matrix_official.csv,L2_official_reconsideration_extension_active,float64,816,full_file,816,714,102,1,0.0,0.0,0.0,0.0,0.0,0.0,0.0,0.0,714
insurance_churn_unwinding,data_clean/policy_matrix/state_month_policy_matrix_official.csv,L1_cms_mitigation_strategy_active,float64,816,full_file,816,765,51,2,0.0,0.0,0.0,0.0,1.0,0.13725490196078433,0.3443413838109879,0.0,660
insurance_churn_unwinding,data_clean/policy_matrix/state_month_policy_matrix_official.csv,L2_cms_mitigation_strategy_active,float64,816,full_file,816,714,102,2,0.0,0.0,0.0,0.0,1.0,0.13445378151260504,0.341378356509069,0.0,618
insurance_churn_unwinding,data_clean/policy_matrix/state_month_policy_matrix_official.csv,L1_cms_compliance_plan_required_or_available,float64,816,full_file,816,765,51,1,0.0,0.0,0.0,0.0,0.0,0.0,0.0,0.0,765
insurance_churn_unwinding,data_clean/policy_matrix/state_month_policy_matrix_official.csv,L2_cms_compliance_plan_required_or_available,float64,816,full_file,816,714,102,1,0.0,0.0,0.0,0.0,0.0,0.0,0.0,0.0,714
insurance_churn_unwinding,data_clean/policy_matrix/state_month_policy_matrix_official.csv,L1_individual_level_exparte_compliance_issue_flag,float64,816,full_file,816,765,51,1,0.0,0.0,0.0,0.0,0.0,0.0,0.0,0.0,765
insurance_churn_unwinding,data_clean/policy_matrix/state_month_policy_matrix_official.csv,L2_individual_level_exparte_compliance_issue_flag,float64,816,full_file,816,714,102,1,0.0,0.0,0.0,0.0,0.0,0.0,0.0,0.0,714
insurance_churn_unwinding,data_clean/policy_matrix/state_month_policy_matrix_official.csv,L1_renewal_requirement_correction_plan_flag,float64,816,full_file,816,765,51,1,0.0,0.0,0.0,0.0,0.0,0.0,0.0,0.0,765
insurance_churn_unwinding,data_clean/policy_matrix/state_month_policy_matrix_official.csv,L2_renewal_requirement_correction_plan_flag,float64,816,full_file,816,714,102,1,0.0,0.0,0.0,0.0,0.0,0.0,0.0,0.0,714
insurance_churn_unwinding,data_clean/policy_matrix/state_month_policy_matrix_official.csv,L1_n_official_sources_supporting_state_month,float64,816,full_file,816,765,51,2,1.0,1.0,1.0,1.0,2.0,1.1372549019607843,0.34434138381098783,1.0,660
insurance_churn_unwinding,data_clean/policy_matrix/state_month_policy_matrix_official.csv,L2_n_official_sources_supporting_state_month,float64,816,full_file,816,714,102,2,1.0,1.0,1.0,1.0,2.0,1.134453781512605,0.341378356509069,1.0,618
insurance_churn_unwinding,data_clean/policy_matrix/state_month_policy_matrix_official.csv,L1_n_federal_sources_supporting_state_month,float64,816,full_file,816,765,51,2,1.0,1.0,1.0,1.0,2.0,1.1372549019607843,0.34434138381098783,1.0,660
insurance_churn_unwinding,data_clean/policy_matrix/state_month_policy_matrix_official.csv,L2_n_federal_sources_supporting_state_month,float64,816,full_file,816,714,102,2,1.0,1.0,1.0,1.0,2.0,1.134453781512605,0.341378356509069,1.0,618
insurance_churn_unwinding,data_clean/policy_matrix/state_month_policy_matrix_official.csv,L1_n_state_sources_supporting_state_month,float64,816,full_file,816,765,51,1,0.0,0.0,0.0,0.0,0.0,0.0,0.0,0.0,765
insurance_churn_unwinding,data_clean/policy_matrix/state_month_policy_matrix_official.csv,L2_n_state_sources_supporting_state_month,float64,816,full_file,816,714,102,1,0.0,0.0,0.0,0.0,0.0,0.0,0.0,0.0,714
insurance_churn_unwinding,data_clean/policy_matrix/state_month_policy_matrix_official.csv,L1_has_direct_state_source,object,816,full_file,816,765,51,1,0.0,0.0,0.0,0.0,0.0,0.0,0.0,False,765
insurance_churn_unwinding,data_clean/policy_matrix/state_month_policy_matrix_official.csv,L2_has_direct_state_source,object,816,full_file,816,714,102,1,0.0,0.0,0.0,0.0,0.0,0.0,0.0,False,714
insurance_churn_unwinding,data_clean/policy_matrix/state_month_policy_matrix_official.csv,L1_has_direct_federal_state_table_source,object,816,full_file,816,765,51,1,1.0,1.0,1.0,1.0,1.0,1.0,0.0,True,765
insurance_churn_unwinding,data_clean/policy_matrix/state_month_policy_matrix_official.csv,L2_has_direct_federal_state_table_source,object,816,full_file,816,714,102,1,1.0,1.0,1.0,1.0,1.0,1.0,0.0,True,714
insurance_churn_unwinding,data_clean/policy_matrix/state_month_policy_source_bridge.csv,state_abbr,object,930,full_file,930,930,0,51,,,,,,,,MA,31
insurance_churn_unwinding,data_clean/policy_matrix/state_month_policy_source_bridge.csv,yyyymm,int64,930,full_file,930,930,0,16,202303,202307.0,202311.0,202403.0,202406,202344.97311827957,46.80551254135999,202310,62
insurance_churn_unwinding,data_clean/policy_matrix/state_month_policy_source_bridge.csv,policy_feature,object,930,full_file,930,930,0,2,,,,,,,,e14_total_strategy_count,816
insurance_churn_unwinding,data_clean/policy_matrix/state_month_policy_source_bridge.csv,feature_value,int64,930,full_file,930,930,0,9,1,10.0,12.0,13.0,17,10.703225806451613,3.9749065322778536,11,176
insurance_churn_unwinding,data_clean/policy_matrix/state_month_policy_source_bridge.csv,event_id,object,930,full_file,930,930,0,66,,,,,,,,evt_e14_AL,16
insurance_churn_unwinding,data_clean/policy_matrix/state_month_policy_source_bridge.csv,source_id,object,930,full_file,930,930,0,2,,,,,,,,fed_cms_e14_archived_table_text,816
insurance_churn_unwinding,data_clean/policy_matrix/state_month_policy_source_bridge.csv,source_url,object,930,full_file,930,930,0,2,,,,,,,,https://www.medicaid.gov/resources-for-states/coronavirus-disease-2019-covid-19/unwinding-and-returning-regular-operations-after-covid-19/covid-19-phe-unwinding-section-1902e14a-waiver-approvals,816
insurance_churn_unwinding,data_clean/policy_matrix/state_month_policy_source_bridge.csv,quoted_evidence_text,object,930,full_file,930,930,0,66,,,,,,,,Alabama: total=15; ex parte=2; form support=8; contact update=0; reinstatement=2; other=3,16
insurance_churn_unwinding,data_clean/policy_matrix/state_month_policy_source_bridge.csv,confidence,object,930,full_file,930,930,0,2,,,,,,,,medium,913
insurance_churn_unwinding,data_raw/cms/medicaid-and-chip-updated-renewal-outcomes_data_gov_api.json,detail,float64,0,full_file,0,0,0,0,,,,,,,,,
insurance_churn_unwinding,data_raw/cms/medicaid-and-chip-updated-renewal-outcomes_data_gov_api.json,message,float64,0,full_file,0,0,0,0,,,,,,,,,
insurance_churn_unwinding,data_raw/cms/medicaid-and-chip-updated-renewal-outcomes_data_gov_package_show.json,detail,float64,0,full_file,0,0,0,0,,,,,,,,,
insurance_churn_unwinding,data_raw/cms/medicaid-and-chip-updated-renewal-outcomes_data_gov_package_show.json,message,float64,0,full_file,0,0,0,0,,,,,,,,,
insurance_churn_unwinding,data_raw/cms/updated-renewal-outcomes-october-2024-releasefinal.csv,State,object,10140,full_file,10140,10140,0,52,,,,,,,,AK,195
insurance_churn_unwinding,data_raw/cms/updated-renewal-outcomes-october-2024-releasefinal.csv,Reporting period,int64,10140,full_file,10140,10140,0,13,202303,202306.0,202309.0,202312.0,202403,202329.3076923077,39.898727701969655,202403,780
insurance_churn_unwinding,data_raw/cms/updated-renewal-outcomes-october-2024-releasefinal.csv,Release date,int64,10140,full_file,10140,10140,0,7,202404,202404.0,202405.0,202407.0,202410,202405.6923076923,2.0526649208878527,202404,4680
insurance_churn_unwinding,data_raw/cms/updated-renewal-outcomes-october-2024-releasefinal.csv,Metric name ,object,10140,full_file,10140,10140,0,15,,,,,,,,Total number of beneficiaries due for renewal in the reporting month (Metric 5),676
insurance_churn_unwinding,data_raw/cms/updated-renewal-outcomes-october-2024-releasefinal.csv,Data Type,object,10140,full_file,10140,10140,0,1,,,,,,,,Updated,10140
insurance_churn_unwinding,data_raw/cms/updated-renewal-outcomes-october-2024-releasefinal.csv,Value ,object,10140,full_file,10140,8730,1410,7238,0.0,0.230125,382.5,21623.0,7450888.0,51891.41193799172,330459.76936989574,0,246
insurance_churn_unwinding,sipp_2023_monthly_insurance_dynamics.csv,MONTHCODE,int64,12,full_file,12,12,0,12,1,3.75,6.5,9.25,12,6.5,3.605551275463989,1,1
insurance_churn_unwinding,sipp_2023_monthly_insurance_dynamics.csv,month_name,object,12,full_file,12,12,0,12,,,,,,,,Jan,1
insurance_churn_unwinding,sipp_2023_monthly_insurance_dynamics.csv,n_person_months,int64,12,full_file,12,12,0,12,36214,36295.75,36409.0,36552.25,36677,36430.666666666664,163.67225195678728,36677,1
insurance_churn_unwinding,sipp_2023_monthly_insurance_dynamics.csv,medicaid_rate,float64,12,full_file,12,12,0,12,0.1987905230021538,0.20097387811489298,0.2021612009111183,0.20519212206528584,0.2076233061591733,0.20292166721546112,0.0028749244249524665,0.2076233061591733,1
insurance_churn_unwinding,sipp_2023_monthly_insurance_dynamics.csv,uninsured_rate,float64,12,full_file,12,12,0,12,0.0842023947470065,0.08537496400532275,0.0860913876009414,0.08728309311903708,0.0884101445323152,0.08625657538412677,0.00136426781562295,0.0883660059437794,1
insurance_churn_unwinding,sipp_2023_monthly_insurance_dynamics.csv,private_rate,float64,12,full_file,12,12,0,12,0.6439050995364057,0.6451230740141919,0.6460903643776348,0.6467430224920223,0.6479335650830437,0.6460284174471326,0.0012116530794993839,0.645690759876762,1
insurance_churn_unwinding,sipp_2023_monthly_insurance_dynamics.csv,public_rate,float64,12,full_file,12,12,0,12,0.4459986808838078,0.4462879007194537,0.4465527234704375,0.4469153206798832,0.4473045301550516,0.44660497978709857,0.0004165141130932729,0.4467104725032036,1
insurance_churn_unwinding,sipp_2023_monthly_insurance_dynamics.csv,n_lag_medicaid,int64,12,full_file,12,12,0,12,0,7280.5,7338.0,7467.0,7603,6773.833333333333,2136.712208184823,0,1
insurance_churn_unwinding,sipp_2023_monthly_insurance_dynamics.csv,medicaid_exit_rate,float64,12,full_file,12,11,1,11,0.0041028446389496,0.00603029871697755,0.0064420883102939,0.0072205690910888,0.009733000131527,0.006743842119214364,0.001488822353582349,0.009733000131527,1
insurance_churn_unwinding,sipp_2023_monthly_insurance_dynamics.csv,exit_to_uninsured_rate,float64,12,full_file,12,11,1,11,0.0013676148796498,0.00261610996547645,0.0031767041694242,0.0035235775270101,0.0052960347637153,0.0030764068897550633,0.0010341909444957888,0.0027620676048928,1
insurance_churn_unwinding,sipp_2023_monthly_insurance_dynamics.csv,n_lag_nonmedicaid,int64,12,full_file,12,12,0,12,0,28972.75,28996.5,29004.0,29043,26580.583333333332,8370.748771312174,0,1
insurance_churn_unwinding,sipp_2023_monthly_insurance_dynamics.csv,medicaid_gain_rate,float64,12,full_file,12,11,1,11,0.0004137645679608,0.00067293339920045,0.0008971704623878,0.00105152206176815,0.0014116998932617,0.0008902743357890729,0.0002791701030900714,0.0014116998932617,1
insurance_churn_unwinding,sipp_2023_monthly_insurance_dynamics.csv,delta_medicaid_rate_from_previous_month,float64,12,full_file,12,11,1,11,-0.0012224787706812,-0.00106909422507675,-0.0009280666353233,-0.00062242011852035,-4.181533467248477e-05,-0.0008029802870017168,0.0003575914920986636,-0.000942095360155,1
insurance_churn_unwinding,sipp_2023_monthly_insurance_dynamics.csv,delta_uninsured_rate_from_previous_month,float64,12,full_file,12,11,1,11,-0.0011935370480213,-0.0007390072093177,-0.0003135848493324,8.545799320548046e-05,0.000599063252662,-0.00032404981310097525,0.0005845168359212032,4.4138588535760914e-05,1
insurance_churn_unwinding,sipp_state_month_exit_distribution_by_month.csv,MONTHCODE,int64,11,full_file,11,11,0,11,2,4.5,7.0,9.5,12,7.0,3.3166247903554,2,1
insurance_churn_unwinding,sipp_state_month_exit_distribution_by_month.csv,number_of_valid_states,int64,11,full_file,11,11,0,3,39,40.0,41.0,41.0,41,40.36363636363637,0.8090398349558905,41,6
insurance_churn_unwinding,sipp_state_month_exit_distribution_by_month.csv,mean_exit_rate,float64,11,full_file,11,11,0,11,0.0051451318845173,0.00602455403230355,0.0072171161216134,0.0091450189970553,0.0138222162714059,0.008067743486062347,0.0029490585246087645,0.0079041114570008,1
insurance_churn_unwinding,sipp_state_month_exit_distribution_by_month.csv,p10_exit_rate,float64,11,full_file,11,11,0,1,0.0,0.0,0.0,0.0,0.0,0.0,0.0,0.0,11
insurance_churn_unwinding,sipp_state_month_exit_distribution_by_month.csv,median_exit_rate,float64,11,full_file,11,11,0,7,0.0,0.0,0.0008992805755395,0.0027918376253209497,0.0055865921787709,0.0017275380923630088,0.002065648899374357,0.0,5
insurance_churn_unwinding,sipp_state_month_exit_distribution_by_month.csv,p90_exit_rate,float64,11,full_file,11,11,0,11,0.0128205128205128,0.016497864131183648,0.0174844720496894,0.018449435849105952,0.037037037037037,0.01893203686644329,0.006312193290807515,0.0172413793103448,1
insurance_churn_unwinding,sipp_state_month_exit_distribution_by_month.csv,mean_exit_to_uninsured_rate,float64,11,full_file,11,11,0,11,0.0010906964764281,0.00214690356031175,0.0027776118130715,0.00364388209902165,0.009005944312168,0.003288008802115154,0.0021199041981503023,0.0023862113982078,1
insurance_churn_unwinding,sipp_state_month_exit_distribution_by_month.csv,p10_exit_to_uninsured_rate,float64,11,full_file,11,11,0,1,0.0,0.0,0.0,0.0,0.0,0.0,0.0,0.0,11
insurance_churn_unwinding,sipp_state_month_exit_distribution_by_month.csv,median_exit_to_uninsured_rate,float64,11,full_file,11,11,0,1,0.0,0.0,0.0,0.0,0.0,0.0,0.0,0.0,11
insurance_churn_unwinding,sipp_state_month_exit_distribution_by_month.csv,p90_exit_to_uninsured_rate,float64,11,full_file,11,11,0,11,0.0046728971962616,0.00712017563696665,0.0081717740254325,0.00968557651326675,0.032,0.010827581723804217,0.007815493133281629,0.00625,1
insurance_churn_unwinding,sipp_state_month_exit_outcomes.csv,TEHC_ST,int64,561,full_file,561,561,0,51,1,16.0,29.0,42.0,56,28.96078431372549,15.690826326625533,1,11
insurance_churn_unwinding,sipp_state_month_exit_outcomes.csv,MONTHCODE,int64,561,full_file,561,561,0,11,2,4.0,7.0,10.0,12,7.0,3.165099863014932,2,51
insurance_churn_unwinding,sipp_state_month_exit_outcomes.csv,n_lag_medicaid,int64,561,full_file,561,561,0,191,3,35.0,112.0,156.0,1467,144.75401069518716,215.68892966772086,4,21
insurance_churn_unwinding,sipp_state_month_exit_outcomes.csv,medicaid_exit_rate,float64,561,full_file,561,561,0,180,0.0,0.0,0.0,0.0074626865671641,0.2,0.0072415351441683625,0.019501856319974514,0.0,341
insurance_churn_unwinding,sipp_state_month_exit_outcomes.csv,exit_to_uninsured_rate,float64,561,full_file,561,561,0,101,0.0,0.0,0.0,0.0,0.09375,0.0026050848275359284,0.008834309530149808,0.0,454
insurance_churn_unwinding,sipp_state_month_exit_outcomes.csv,valid_cell_30,bool,561,full_file,561,561,0,2,0.0,1.0,1.0,1.0,1.0,0.7914438502673797,0.40663894673566603,True,444
insurance_churn_unwinding,sipp_state_month_exit_outcomes.csv,valid_cell_50,bool,561,full_file,561,561,0,2,0.0,0.0,1.0,1.0,1.0,0.7130124777183601,0.45275941441788764,True,400
