window,window_role,feature_family,outcome,outcome_role,group_label,pre_rows,pre_weight,pre_rate,pre_event_weight,unwinding_rows,unwinding_weight,unwinding_rate,unwinding_event_weight,pre_rank_high,unwinding_rank_high,rank_delta,rate_change
core_aug_oct_2023,primary,age_band,persistent_uninsured_h2,primary_harm,age_0_17,18509,171054312.1030132,0.00127101,217411.5929364,7934,82586157.2207043,0.00305505,252304.8061103,3,2,-1.0,0.00178404
core_aug_oct_2023,primary,age_band,persistent_uninsured_h2,primary_harm,age_18_25,5041,47676209.6631499,0.00130388,62164.033199,2292,25139261.5418165,0.00685593,172353.0305589,2,1,-1.0,0.00555205
core_aug_oct_2023,primary,age_band,persistent_uninsured_h2,primary_harm,age_26_44,9259,88635641.34387778,0.00154336,136796.487739,4095,42076889.57958413,0.00190293,80069.2691572,1,4,3.0,0.00035957
core_aug_oct_2023,primary,age_band,persistent_uninsured_h2,primary_harm,age_45_64,8791,70823213.7533111,0.00052034,36852.0646091,4197,36996968.0547689,0.00258549,95655.2891052,4,3,-1.0,0.00206515
core_aug_oct_2023,primary,age_band,persistent_uninsured_h2,primary_harm,age_65_plus,6465,37077628.58819134,0.0,0.0,3256,20651225.6848833,0.00039222,8099.8258162,5,5,0.0,0.00039222
core_aug_oct_2023,primary,age_band,broad_exit_persistent_uninsured_h2,primary_harm,age_0_17,18509,171054312.1030132,0.00127101,217411.5929364,7934,82586157.2207043,0.00305505,252304.8061103,3,2,-1.0,0.00178404
core_aug_oct_2023,primary,age_band,broad_exit_persistent_uninsured_h2,primary_harm,age_18_25,5041,47676209.6631499,0.00130388,62164.033199,2292,25139261.5418165,0.00727617,182917.4503599,2,1,-1.0,0.00597229
core_aug_oct_2023,primary,age_band,broad_exit_persistent_uninsured_h2,primary_harm,age_26_44,9259,88635641.34387778,0.00154336,136796.487739,4095,42076889.57958413,0.00190293,80069.2691572,1,4,3.0,0.00035957
core_aug_oct_2023,primary,age_band,broad_exit_persistent_uninsured_h2,primary_harm,age_45_64,8791,70823213.7533111,0.00052034,36852.0646091,4197,36996968.0547689,0.00258549,95655.2891052,4,3,-1.0,0.00206515
core_aug_oct_2023,primary,age_band,broad_exit_persistent_uninsured_h2,primary_harm,age_65_plus,6465,37077628.58819134,0.0,0.0,3256,20651225.6848833,0.00039222,8099.8258162,5,5,0.0,0.00039222
core_aug_oct_2023,primary,age_band,broad_exit_resolved_insured_h2,contrast_resolution,age_0_17,18509,171054312.1030132,0.00135816,232319.4512063,7934,82586157.2207043,0.00459213,379246.6354004,4,4,0.0,0.00323397
core_aug_oct_2023,primary,age_band,broad_exit_resolved_insured_h2,contrast_resolution,age_18_25,5041,47676209.6631499,0.00231682,110457.3884586,2292,25139261.5418165,0.0079079,198798.6917256,2,1,-1.0,0.00559107
core_aug_oct_2023,primary,age_band,broad_exit_resolved_insured_h2,contrast_resolution,age_26_44,9259,88635641.34387778,0.00273202,242154.6845015,4095,42076889.57958413,0.00540192,227296.1734273,1,2,1.0,0.0026699
core_aug_oct_2023,primary,age_band,broad_exit_resolved_insured_h2,contrast_resolution,age_45_64,8791,70823213.7533111,0.00176178,124775.1957627,4197,36996968.0547689,0.00373064,138022.541086,3,5,2.0,0.00196886
core_aug_oct_2023,primary,age_band,broad_exit_resolved_insured_h2,contrast_resolution,age_65_plus,6465,37077628.58819134,0.00126085,46749.3801649,3256,20651225.6848833,0.00478596,98835.9387893,5,3,-2.0,0.00352511
core_aug_oct_2023,primary,age_band,medicaid_exit_to_uninsured_next,benchmark_harm,age_0_17,18528,171351232.97192436,0.00126881,217411.5929364,7941,82669656.1204572,0.00329367,272286.2931033,3,2,-1.0,0.00202486
core_aug_oct_2023,primary,age_band,medicaid_exit_to_uninsured_next,benchmark_harm,age_18_25,5058,47900832.4688935,0.00129777,62164.033199,2310,25487005.092182,0.00676239,172353.0305589,2,1,-1.0,0.00546462
core_aug_oct_2023,primary,age_band,medicaid_exit_to_uninsured_next,benchmark_harm,age_26_44,9274,88807997.11063486,0.00157727,140074.1537522,4104,42203009.67794773,0.00267747,112997.1108752,1,3,2.0,0.0011002
core_aug_oct_2023,primary,age_band,medicaid_exit_to_uninsured_next,benchmark_harm,age_45_64,8801,70945036.8305952,0.00051945,36852.0646091,4206,37064547.3963898,0.00258078,95655.2891052,4,4,0.0,0.00206133
core_aug_oct_2023,primary,age_band,medicaid_exit_to_uninsured_next,benchmark_harm,age_65_plus,6480,37182861.37945354,0.0,0.0,3266,20716291.056206,0.00039099,8099.8258162,5,5,0.0,0.00039099
core_aug_oct_2023,primary,female_group,persistent_uninsured_h2,primary_harm,female,27046,228794140.27654132,0.00133146,304629.3896552,12097,113213930.86502025,0.0024548,277917.6198435,1,2,1.0,0.00112334
core_aug_oct_2023,primary,female_group,persistent_uninsured_h2,primary_harm,male,21019,186472865.17500195,0.00079687,148594.7888283,9677,94236571.2167369,0.00350782,330564.6009043,2,1,-1.0,0.00271095
core_aug_oct_2023,primary,female_group,broad_exit_persistent_uninsured_h2,primary_harm,female,27046,228794140.27654132,0.00133146,304629.3896552,12097,113213930.86502025,0.00254811,288482.0396445,1,2,1.0,0.00121666
core_aug_oct_2023,primary,female_group,broad_exit_persistent_uninsured_h2,primary_harm,male,21019,186472865.17500195,0.00079687,148594.7888283,9677,94236571.2167369,0.00350782,330564.6009043,2,1,-1.0,0.00271095
core_aug_oct_2023,primary,female_group,broad_exit_resolved_insured_h2,contrast_resolution,female,27046,228794140.27654132,0.00150777,344968.8944061,12097,113213930.86502025,0.00504353,570997.538888,2,1,-1.0,0.00353576
core_aug_oct_2023,primary,female_group,broad_exit_resolved_insured_h2,contrast_resolution,male,21019,186472865.17500195,0.00220669,411487.2056879,9677,94236571.2167369,0.00500021,471202.4415406,1,2,1.0,0.00279352
core_aug_oct_2023,primary,female_group,medicaid_exit_to_uninsured_next,benchmark_harm,female,27089,229319509.4630394,0.0013427,307907.0556684,12122,113490741.68880375,0.00259388,294381.5407025,1,2,1.0,0.00125118
core_aug_oct_2023,primary,female_group,medicaid_exit_to_uninsured_next,benchmark_harm,male,21052,186868451.2984621,0.00079518,148594.7888283,9705,94649767.65437903,0.00387756,367010.0087563,2,1,-1.0,0.00308237
core_aug_oct_2023,primary,foreign_born_group,persistent_uninsured_h2,primary_harm,foreign_born,7660,60826035.81671293,0.00089243,54282.8646543,3890,33809433.0394945,0.00242275,81911.9724741,2,2,0.0,0.00153033
core_aug_oct_2023,primary,foreign_born_group,persistent_uninsured_h2,primary_harm,us_born,40405,354440969.63483036,0.00112555,398941.3138292,17884,173641069.0422626,0.00303252,526570.2482737,1,1,0.0,0.00190697
core_aug_oct_2023,primary,foreign_born_group,broad_exit_persistent_uninsured_h2,primary_harm,foreign_born,7660,60826035.81671293,0.00089243,54282.8646543,3890,33809433.0394945,0.00242275,81911.9724741,2,2,0.0,0.00153033
core_aug_oct_2023,primary,foreign_born_group,broad_exit_persistent_uninsured_h2,primary_harm,us_born,40405,354440969.63483036,0.00112555,398941.3138292,17884,173641069.0422626,0.00309336,537134.6680747,1,1,0.0,0.00196781
core_aug_oct_2023,primary,foreign_born_group,broad_exit_resolved_insured_h2,contrast_resolution,foreign_born,7660,60826035.81671293,0.00116224,70694.2032165,3890,33809433.0394945,0.00481054,162641.6538045,2,2,0.0,0.0036483
core_aug_oct_2023,primary,foreign_born_group,broad_exit_resolved_insured_h2,contrast_resolution,us_born,40405,354440969.63483036,0.00193477,685761.8968775,17884,173641069.0422626,0.00506538,879558.3266241,1,1,0.0,0.00313061
core_aug_oct_2023,primary,foreign_born_group,medicaid_exit_to_uninsured_next,benchmark_harm,foreign_born,7674,60937626.95576543,0.00089079,54282.8646543,3898,33899378.8530858,0.00241633,81911.9724741,2,2,0.0,0.00152553
core_aug_oct_2023,primary,foreign_born_group,medicaid_exit_to_uninsured_next,benchmark_harm,us_born,40467,355250333.80573606,0.00113221,402218.9798424,17929,174241130.49009693,0.00332573,579479.5769847,1,1,0.0,0.00219352
core_aug_oct_2023,primary,household_child_group,persistent_uninsured_h2,primary_harm,household_has_child,30037,272961491.38065803,0.00115979,316577.5701369,12979,132109119.7998591,0.00308561,407637.1416759,1,1,0.0,0.00192582
core_aug_oct_2023,primary,household_child_group,persistent_uninsured_h2,primary_harm,household_no_child,18028,142305514.07088524,0.00096023,136646.6083466,8795,75341382.28189802,0.0026658,200845.0790719,2,2,0.0,0.00170557
core_aug_oct_2023,primary,household_child_group,broad_exit_persistent_uninsured_h2,primary_harm,household_has_child,30037,272961491.38065803,0.00115979,316577.5701369,12979,132109119.7998591,0.00316558,418201.5614769,1,1,0.0,0.00200579
core_aug_oct_2023,primary,household_child_group,broad_exit_persistent_uninsured_h2,primary_harm,household_no_child,18028,142305514.07088524,0.00096023,136646.6083466,8795,75341382.28189802,0.0026658,200845.0790719,2,2,0.0,0.00170557
core_aug_oct_2023,primary,household_child_group,broad_exit_resolved_insured_h2,contrast_resolution,household_has_child,30037,272961491.38065803,0.00176068,480597.020987,12979,132109119.7998591,0.00484471,640030.9341487,2,2,0.0,0.00308404
core_aug_oct_2023,primary,household_child_group,broad_exit_resolved_insured_h2,contrast_resolution,household_no_child,18028,142305514.07088524,0.0019385,275859.079107,8795,75341382.28189802,0.00533796,402169.0462799,1,1,0.0,0.00339946
core_aug_oct_2023,primary,household_child_group,medicaid_exit_to_uninsured_next,benchmark_harm,household_has_child,30075,273456040.71012604,0.00116968,319855.2361501,12999,132354966.1980844,0.00347963,460546.4703869,1,1,0.0,0.00230995
core_aug_oct_2023,primary,household_child_group,medicaid_exit_to_uninsured_next,benchmark_harm,household_no_child,18066,142731920.05137545,0.00095737,136646.6083466,8828,75785543.14509833,0.00265018,200845.0790719,2,2,0.0,0.00169281
core_aug_oct_2023,primary,noncitizen_group,persistent_uninsured_h2,primary_harm,citizen,45208,393107555.89034617,0.00113701,446967.5217905,20150,193082873.7520204,0.00278372,537488.2344577,1,2,1.0,0.00164671
core_aug_oct_2023,primary,noncitizen_group,persistent_uninsured_h2,primary_harm,noncitizen,2857,22159449.5611971,0.00028235,6256.656693,1624,14367628.3297367,0.00494125,70993.9862901,2,1,-1.0,0.0046589
core_aug_oct_2023,primary,noncitizen_group,broad_exit_persistent_uninsured_h2,primary_harm,citizen,45208,393107555.89034617,0.00113701,446967.5217905,20150,193082873.7520204,0.00283843,548052.6542587,1,2,1.0,0.00170142
core_aug_oct_2023,primary,noncitizen_group,broad_exit_persistent_uninsured_h2,primary_harm,noncitizen,2857,22159449.5611971,0.00028235,6256.656693,1624,14367628.3297367,0.00494125,70993.9862901,2,1,-1.0,0.0046589
core_aug_oct_2023,primary,noncitizen_group,broad_exit_resolved_insured_h2,contrast_resolution,citizen,45208,393107555.89034617,0.0019243,756456.100094,20150,193082873.7520204,0.00525608,1014858.9101648,1,1,0.0,0.00333178
core_aug_oct_2023,primary,noncitizen_group,broad_exit_resolved_insured_h2,contrast_resolution,noncitizen,2857,22159449.5611971,0.0,0.0,1624,14367628.3297367,0.00190296,27341.0702638,2,2,0.0,0.00190296
core_aug_oct_2023,primary,noncitizen_group,medicaid_exit_to_uninsured_next,benchmark_harm,citizen,45283,394021016.3000057,0.00114269,450245.1878037,20202,193767581.00378057,0.00304694,590397.5631687,1,2,1.0,0.00190424
core_aug_oct_2023,primary,noncitizen_group,medicaid_exit_to_uninsured_next,benchmark_harm,noncitizen,2858,22166944.4614958,0.00028225,6256.656693,1625,14372928.3394022,0.00493942,70993.9862901,2,1,-1.0,0.00465717
core_aug_oct_2023,primary,pov_band,persistent_uninsured_h2,primary_harm,pov_1_2,14164,120224079.94241133,0.00084938,102115.3961212,5904,55808895.1960997,0.00237071,132306.6672097,4,3,-1.0,0.00152133
core_aug_oct_2023,primary,pov_band,persistent_uninsured_h2,primary_harm,pov_2_4,11650,104152075.54576722,0.00132039,137521.325279,5832,56382153.5411336,0.00529905,298771.638906,1,1,0.0,0.00397866
core_aug_oct_2023,primary,pov_band,persistent_uninsured_h2,primary_harm,pov_4_plus,5459,49635625.62685943,0.00090665,45001.9499388,2700,29211273.18111462,0.00460532,134527.2972578,3,2,-1.0,0.00369868
core_aug_oct_2023,primary,pov_band,persistent_uninsured_h2,primary_harm,pov_lt_1,16594,139092261.78856552,0.00121204,168585.5071445,7267,65401932.76165141,0.00065559,42876.6173743,2,4,2.0,-0.00055645
core_aug_oct_2023,primary,pov_band,broad_exit_persistent_uninsured_h2,primary_harm,pov_1_2,14164,120224079.94241133,0.00084938,102115.3961212,5904,55808895.1960997,0.00237071,132306.6672097,4,3,-1.0,0.00152133
core_aug_oct_2023,primary,pov_band,broad_exit_persistent_uninsured_h2,primary_harm,pov_2_4,11650,104152075.54576722,0.00132039,137521.325279,5832,56382153.5411336,0.00548642,309336.058707,1,1,0.0,0.00416603
core_aug_oct_2023,primary,pov_band,broad_exit_persistent_uninsured_h2,primary_harm,pov_4_plus,5459,49635625.62685943,0.00090665,45001.9499388,2700,29211273.18111462,0.00460532,134527.2972578,3,2,-1.0,0.00369868
core_aug_oct_2023,primary,pov_band,broad_exit_persistent_uninsured_h2,primary_harm,pov_lt_1,16594,139092261.78856552,0.00121204,168585.5071445,7267,65401932.76165141,0.00065559,42876.6173743,2,4,2.0,-0.00055645
core_aug_oct_2023,primary,pov_band,broad_exit_resolved_insured_h2,contrast_resolution,pov_1_2,14164,120224079.94241133,0.00064491,77533.8892179,5904,55808895.1960997,0.00651986,363866.0876395,3,2,-1.0,0.00587495
core_aug_oct_2023,primary,pov_band,broad_exit_resolved_insured_h2,contrast_resolution,pov_2_4,11650,104152075.54576722,0.00371929,387371.5934979,5832,56382153.5411336,0.00643379,362750.7015909,2,3,1.0,0.0027145
core_aug_oct_2023,primary,pov_band,broad_exit_resolved_insured_h2,contrast_resolution,pov_4_plus,5459,49635625.62685943,0.00412093,204544.8140851,2700,29211273.18111462,0.00850009,248298.4409911,1,1,0.0,0.00437916
core_aug_oct_2023,primary,pov_band,broad_exit_resolved_insured_h2,contrast_resolution,pov_lt_1,16594,139092261.78856552,0.00062553,87005.8032931,7267,65401932.76165141,0.00102879,67284.7502071,4,4,0.0,0.00040326
core_aug_oct_2023,primary,pov_band,medicaid_exit_to_uninsured_next,benchmark_harm,pov_1_2,14187,120523454.83625317,0.00084727,102115.3961212,5912,55896112.5990162,0.00236701,132306.6672097,4,3,-1.0,0.00151974
core_aug_oct_2023,primary,pov_band,medicaid_exit_to_uninsured_next,benchmark_harm,pov_2_4,11664,104306684.26214202,0.00131843,137521.325279,5853,56662002.0326305,0.00620665,351680.967617,1,1,0.0,0.00488821
core_aug_oct_2023,primary,pov_band,medicaid_exit_to_uninsured_next,benchmark_harm,pov_4_plus,5481,49909168.73317753,0.00090168,45001.9499388,2707,29321355.96130432,0.00458803,134527.2972578,3,2,-1.0,0.00368635
core_aug_oct_2023,primary,pov_band,medicaid_exit_to_uninsured_next,benchmark_harm,pov_lt_1,16610,139240413.59695196,0.00123429,171863.1731577,7284,65614791.34847391,0.00065346,42876.6173743,2,4,2.0,-0.00058083
core_aug_oct_2023,primary,snap_group,persistent_uninsured_h2,primary_harm,snap_no,30033,261726521.72547776,0.00117712,308083.7481671,14437,139131433.82248855,0.00379841,528478.134535,1,1,0.0,0.00262129
core_aug_oct_2023,primary,snap_group,persistent_uninsured_h2,primary_harm,snap_yes,18032,153540483.72606552,0.00094529,145140.4303164,7337,68319068.25926861,0.00117104,80004.0862128,2,2,0.0,0.00022575
core_aug_oct_2023,primary,snap_group,broad_exit_persistent_uninsured_h2,primary_harm,snap_no,30033,261726521.72547776,0.00117712,308083.7481671,14437,139131433.82248855,0.00387434,539042.554336,1,1,0.0,0.00269722
core_aug_oct_2023,primary,snap_group,broad_exit_persistent_uninsured_h2,primary_harm,snap_yes,18032,153540483.72606552,0.00094529,145140.4303164,7337,68319068.25926861,0.00117104,80004.0862128,2,2,0.0,0.00022575
core_aug_oct_2023,primary,snap_group,broad_exit_resolved_insured_h2,contrast_resolution,snap_no,30033,261726521.72547776,0.00239951,628016.2916667,14437,139131433.82248855,0.0066708,928118.1116708,1,1,0.0,0.00427129
core_aug_oct_2023,primary,snap_group,broad_exit_resolved_insured_h2,contrast_resolution,snap_yes,18032,153540483.72606552,0.00083652,128439.8084273,7337,68319068.25926861,0.00166984,114081.8687578,2,2,0.0,0.00083332
core_aug_oct_2023,primary,snap_group,medicaid_exit_to_uninsured_next,benchmark_harm,snap_no,30091,262431781.0119213,0.00117396,308083.7481671,14476,139666118.32239902,0.0041627,581387.463246,1,1,0.0,0.00298874
core_aug_oct_2023,primary,snap_group,medicaid_exit_to_uninsured_next,benchmark_harm,snap_yes,18050,153756179.74958023,0.00096528,148418.0963296,7351,68474391.0207837,0.00116838,80004.0862128,2,2,0.0,0.0002031
mature_jun_oct_2023,sensitivity,age_band,persistent_uninsured_h2,primary_harm,age_0_17,30750,283823348.2994855,0.00138352,392674.500152,13221,137524458.8419831,0.00369981,508814.6330931,3,2,-1.0,0.00231629
mature_jun_oct_2023,sensitivity,age_band,persistent_uninsured_h2,primary_harm,age_18_25,8406,79325498.3765056,0.00235616,186903.7901109,3859,42270962.8606338,0.00655124,276927.1178149,1,1,0.0,0.00419507
mature_jun_oct_2023,sensitivity,age_band,persistent_uninsured_h2,primary_harm,age_26_44,15431,147490185.6960981,0.00196839,290318.5690498,6843,70487325.99970855,0.00294228,207393.545951,2,3,1.0,0.00097389
mature_jun_oct_2023,sensitivity,age_band,persistent_uninsured_h2,primary_harm,age_45_64,14642,118033360.7513512,0.0005349,63136.5000304,7014,61723928.2270369,0.00259728,160314.5476332,4,4,0.0,0.00206238
mature_jun_oct_2023,sensitivity,age_band,persistent_uninsured_h2,primary_harm,age_65_plus,10775,61917743.37063593,0.0,0.0,5449,34762278.952402,0.00023301,8099.8258162,5,5,0.0,0.00023301
mature_jun_oct_2023,sensitivity,age_band,broad_exit_persistent_uninsured_h2,primary_harm,age_0_17,30750,283823348.2994855,0.00138352,392674.500152,13221,137524458.8419831,0.00369981,508814.6330931,3,2,-1.0,0.00231629
mature_jun_oct_2023,sensitivity,age_band,broad_exit_persistent_uninsured_h2,primary_harm,age_18_25,8406,79325498.3765056,0.00235616,186903.7901109,3859,42270962.8606338,0.00680116,287491.5376159,1,1,0.0,0.004445
mature_jun_oct_2023,sensitivity,age_band,broad_exit_persistent_uninsured_h2,primary_harm,age_26_44,15431,147490185.6960981,0.00196839,290318.5690498,6843,70487325.99970855,0.00294228,207393.545951,2,3,1.0,0.00097389
mature_jun_oct_2023,sensitivity,age_band,broad_exit_persistent_uninsured_h2,primary_harm,age_45_64,14642,118033360.7513512,0.0005349,63136.5000304,7014,61723928.2270369,0.00259728,160314.5476332,4,4,0.0,0.00206238
mature_jun_oct_2023,sensitivity,age_band,broad_exit_persistent_uninsured_h2,primary_harm,age_65_plus,10775,61917743.37063593,0.0,0.0,5449,34762278.952402,0.00023301,8099.8258162,5,5,0.0,0.00023301
mature_jun_oct_2023,sensitivity,age_band,broad_exit_resolved_insured_h2,contrast_resolution,age_0_17,30750,283823348.2994855,0.00138507,393116.302226,13221,137524458.8419831,0.00402166,553076.6463005,4,4,0.0,0.00263659
mature_jun_oct_2023,sensitivity,age_band,broad_exit_resolved_insured_h2,contrast_resolution,age_18_25,8406,79325498.3765056,0.00241793,191803.1376272,3859,42270962.8606338,0.00628475,265662.3187848,2,1,-1.0,0.00386682
mature_jun_oct_2023,sensitivity,age_band,broad_exit_resolved_insured_h2,contrast_resolution,age_26_44,15431,147490185.6960981,0.0025774,380140.5336002,6843,70487325.99970855,0.00491136,346188.7099153,1,2,1.0,0.00233397
mature_jun_oct_2023,sensitivity,age_band,broad_exit_resolved_insured_h2,contrast_resolution,age_45_64,14642,118033360.7513512,0.00180319,212836.2452034,7014,61723928.2270369,0.00343967,212310.1377428,3,5,2.0,0.00163649
mature_jun_oct_2023,sensitivity,age_band,broad_exit_resolved_insured_h2,contrast_resolution,age_65_plus,10775,61917743.37063593,0.00129768,80349.4730955,5449,34762278.952402,0.00452869,157427.5925711,5,3,-2.0,0.00323101
mature_jun_oct_2023,sensitivity,age_band,medicaid_exit_to_uninsured_next,benchmark_harm,age_0_17,30793,284402630.2601478,0.00143364,407730.2692981,13243,137761671.1524408,0.00400311,551474.7288991,3,2,-1.0,0.00256947
mature_jun_oct_2023,sensitivity,age_band,medicaid_exit_to_uninsured_next,benchmark_harm,age_18_25,8453,79889295.96660839,0.00233953,186903.7901109,3887,42821986.4390197,0.00646694,276927.1178149,1,1,0.0,0.0041274
mature_jun_oct_2023,sensitivity,age_band,medicaid_exit_to_uninsured_next,benchmark_harm,age_26_44,15461,147806820.78172788,0.00198635,293596.235063,6860,70686690.66294284,0.00339981,240321.387669,2,3,1.0,0.00141346
mature_jun_oct_2023,sensitivity,age_band,medicaid_exit_to_uninsured_next,benchmark_harm,age_45_64,14656,118195244.0136767,0.00053417,63136.5000304,7026,61810755.9210732,0.00259364,160314.5476332,4,4,0.0,0.00205946
mature_jun_oct_2023,sensitivity,age_band,medicaid_exit_to_uninsured_next,benchmark_harm,age_65_plus,10800,62092398.87850583,0.0,0.0,5461,34848859.3264929,0.00023243,8099.8258162,5,5,0.0,0.00023243
mature_jun_oct_2023,sensitivity,female_group,persistent_uninsured_h2,primary_harm,female,45023,380688506.3770592,0.00163214,621338.3033538,20208,189112820.6644728,0.00299164,565756.5902765,1,2,1.0,0.00135949
mature_jun_oct_2023,sensitivity,female_group,persistent_uninsured_h2,primary_harm,male,34981,309901630.11701715,0.00100579,311695.0559893,16178,157656134.2172915,0.00377907,595793.0800319,2,1,-1.0,0.00277328
mature_jun_oct_2023,sensitivity,female_group,broad_exit_persistent_uninsured_h2,primary_harm,female,45023,380688506.3770592,0.00163214,621338.3033538,20208,189112820.6644728,0.0030475,576321.0100775,1,2,1.0,0.00141535
mature_jun_oct_2023,sensitivity,female_group,broad_exit_persistent_uninsured_h2,primary_harm,male,34981,309901630.11701715,0.00100579,311695.0559893,16178,157656134.2172915,0.00377907,595793.0800319,2,1,-1.0,0.00277328
mature_jun_oct_2023,sensitivity,female_group,broad_exit_resolved_insured_h2,contrast_resolution,female,45023,380688506.3770592,0.00154658,588765.6648764,20208,189112820.6644728,0.00435228,823072.8678366,2,2,0.0,0.0028057
mature_jun_oct_2023,sensitivity,female_group,broad_exit_resolved_insured_h2,contrast_resolution,male,34981,309901630.11701715,0.0021603,669480.0268759,16178,157656134.2172915,0.00451357,711592.5374779,1,1,0.0,0.00235327
mature_jun_oct_2023,sensitivity,female_group,medicaid_exit_to_uninsured_next,benchmark_harm,female,45108,381660989.36820906,0.00163657,624615.969367,20254,189620815.8369753,0.00307045,582220.5111355,1,2,1.0,0.00143387
mature_jun_oct_2023,sensitivity,female_group,medicaid_exit_to_uninsured_next,benchmark_harm,male,35055,310725400.53245765,0.00105157,326750.8251354,16223,158309147.6649941,0.00413695,654917.0966969,2,1,-1.0,0.00308538
mature_jun_oct_2023,sensitivity,foreign_born_group,persistent_uninsured_h2,primary_harm,foreign_born,12745,101120462.56440727,0.00106607,107801.4451948,6465,56350562.93779819,0.00196684,110832.3844444,2,2,0.0,0.00090077
mature_jun_oct_2023,sensitivity,foreign_born_group,persistent_uninsured_h2,primary_harm,us_born,67259,589469673.929669,0.00139996,825231.9141483,29921,290418391.94396615,0.00361794,1050717.285864,1,1,0.0,0.00221799
mature_jun_oct_2023,sensitivity,foreign_born_group,broad_exit_persistent_uninsured_h2,primary_harm,foreign_born,12745,101120462.56440727,0.00106607,107801.4451948,6465,56350562.93779819,0.00196684,110832.3844444,2,2,0.0,0.00090077
mature_jun_oct_2023,sensitivity,foreign_born_group,broad_exit_persistent_uninsured_h2,primary_harm,us_born,67259,589469673.929669,0.00139996,825231.9141483,29921,290418391.94396615,0.00365432,1061281.705665,1,1,0.0,0.00225436
mature_jun_oct_2023,sensitivity,foreign_born_group,broad_exit_resolved_insured_h2,contrast_resolution,foreign_born,12745,101120462.56440727,0.00111264,112511.1260992,6465,56350562.93779819,0.00329364,185598.5335285,2,2,0.0,0.002181
mature_jun_oct_2023,sensitivity,foreign_born_group,broad_exit_resolved_insured_h2,contrast_resolution,us_born,67259,589469673.929669,0.00194367,1145734.5656531,29921,290418391.94396615,0.00464525,1349066.871786,1,1,0.0,0.00270158
mature_jun_oct_2023,sensitivity,foreign_born_group,medicaid_exit_to_uninsured_next,benchmark_harm,foreign_born,12773,101394057.07002278,0.00106319,107801.4451948,6476,56465269.075121,0.00196284,110832.3844444,2,2,0.0,0.00089965
mature_jun_oct_2023,sensitivity,foreign_born_group,medicaid_exit_to_uninsured_next,benchmark_harm,us_born,67390,590992332.8306439,0.00142737,843565.3493076,30001,291464694.4268484,0.00386429,1126305.223388,1,1,0.0,0.00243692
mature_jun_oct_2023,sensitivity,household_child_group,persistent_uninsured_h2,primary_harm,household_has_child,49949,453145270.8264668,0.00133484,604877.7207193,21647,220215683.318797,0.00360575,794042.4975802,2,1,-1.0,0.00227091
mature_jun_oct_2023,sensitivity,household_child_group,persistent_uninsured_h2,primary_harm,household_no_child,30055,237444865.6676095,0.00138203,328155.6386238,14739,126553271.56296735,0.00290397,367507.1727282,1,2,1.0,0.00152194
mature_jun_oct_2023,sensitivity,household_child_group,broad_exit_persistent_uninsured_h2,primary_harm,household_has_child,49949,453145270.8264668,0.00133484,604877.7207193,21647,220215683.318797,0.00365372,804606.9173812,2,1,-1.0,0.00231888
mature_jun_oct_2023,sensitivity,household_child_group,broad_exit_persistent_uninsured_h2,primary_harm,household_no_child,30055,237444865.6676095,0.00138203,328155.6386238,14739,126553271.56296735,0.00290397,367507.1727282,1,2,1.0,0.00152194
mature_jun_oct_2023,sensitivity,household_child_group,broad_exit_resolved_insured_h2,contrast_resolution,household_has_child,49949,453145270.8264668,0.00166303,753593.6860408,21647,220215683.318797,0.00431061,949264.8716291,2,2,0.0,0.00264759
mature_jun_oct_2023,sensitivity,household_child_group,broad_exit_resolved_insured_h2,contrast_resolution,household_no_child,30055,237444865.6676095,0.00212534,504652.0057115,14739,126553271.56296735,0.00462572,585400.5336854,1,1,0.0,0.00250038
mature_jun_oct_2023,sensitivity,household_child_group,medicaid_exit_to_uninsured_next,benchmark_harm,household_has_child,50036,454154258.0941591,0.00137225,623211.1558786,21693,220802379.1804388,0.0039385,869630.4351042,2,1,-1.0,0.00256626
mature_jun_oct_2023,sensitivity,household_child_group,medicaid_exit_to_uninsured_next,benchmark_harm,household_no_child,30127,238232131.80650753,0.00137746,328155.6386238,14784,127127584.32153064,0.00289085,367507.1727282,1,2,1.0,0.00151339
mature_jun_oct_2023,sensitivity,noncitizen_group,persistent_uninsured_h2,primary_harm,citizen,75274,653978690.7500229,0.00136789,894571.5516925,33699,322968588.27960604,0.00335753,1084375.504459,1,1,0.0,0.00198964
mature_jun_oct_2023,sensitivity,noncitizen_group,persistent_uninsured_h2,primary_harm,noncitizen,4730,36611445.7440535,0.00105054,38461.8076506,2687,23800366.6021583,0.00324256,77174.1658494,2,2,0.0,0.00219202
mature_jun_oct_2023,sensitivity,noncitizen_group,broad_exit_persistent_uninsured_h2,primary_harm,citizen,75274,653978690.7500229,0.00136789,894571.5516925,33699,322968588.27960604,0.00339024,1094939.92426,1,1,0.0,0.00202235
mature_jun_oct_2023,sensitivity,noncitizen_group,broad_exit_persistent_uninsured_h2,primary_harm,noncitizen,4730,36611445.7440535,0.00105054,38461.8076506,2687,23800366.6021583,0.00324256,77174.1658494,2,2,0.0,0.00219202
mature_jun_oct_2023,sensitivity,noncitizen_group,broad_exit_resolved_insured_h2,contrast_resolution,citizen,75274,653978690.7500229,0.00191812,1254407.3605551,33699,322968588.27960604,0.00463876,1498173.7175707,1,1,0.0,0.00272064
mature_jun_oct_2023,sensitivity,noncitizen_group,broad_exit_resolved_insured_h2,contrast_resolution,noncitizen,4730,36611445.7440535,0.00010484,3838.3311972,2687,23800366.6021583,0.00153324,36491.6877438,2,2,0.0,0.0014284
mature_jun_oct_2023,sensitivity,noncitizen_group,medicaid_exit_to_uninsured_next,benchmark_harm,citizen,75429,655731043.1614264,0.00139219,912904.9868518,33789,324124296.89014566,0.00357876,1159963.441983,1,1,0.0,0.00218657
mature_jun_oct_2023,sensitivity,noncitizen_group,medicaid_exit_to_uninsured_next,benchmark_harm,noncitizen,4734,36655346.7392402,0.00104928,38461.8076506,2688,23805666.6118238,0.00324184,77174.1658494,2,2,0.0,0.00219256
mature_jun_oct_2023,sensitivity,pov_band,persistent_uninsured_h2,primary_harm,pov_1_2,23651,200708609.17840105,0.00107008,214773.7722123,9968,94288745.1590717,0.00285871,269544.0968294,3,3,0.0,0.00178863
mature_jun_oct_2023,sensitivity,pov_band,persistent_uninsured_h2,primary_harm,pov_2_4,19187,171419502.9986319,0.00138984,238244.9171034,9616,92954851.7903552,0.00505123,469536.6462568,2,1,-1.0,0.0036614
mature_jun_oct_2023,sensitivity,pov_band,persistent_uninsured_h2,primary_harm,pov_4_plus,9055,82362389.49881707,0.00100809,83028.3712681,4528,48705450.60945202,0.00425341,207164.0247803,4,2,-2.0,0.00324532
mature_jun_oct_2023,sensitivity,pov_band,persistent_uninsured_h2,primary_harm,pov_lt_1,27777,232397964.96298125,0.00170822,396986.2987593,12153,109730601.8726468,0.00196212,215304.9024419,1,4,3.0,0.00025391
mature_jun_oct_2023,sensitivity,pov_band,broad_exit_persistent_uninsured_h2,primary_harm,pov_1_2,23651,200708609.17840105,0.00107008,214773.7722123,9968,94288745.1590717,0.00285871,269544.0968294,3,3,0.0,0.00178863
mature_jun_oct_2023,sensitivity,pov_band,broad_exit_persistent_uninsured_h2,primary_harm,pov_2_4,19187,171419502.9986319,0.00138984,238244.9171034,9616,92954851.7903552,0.00516488,480101.0660578,2,1,-1.0,0.00377505
mature_jun_oct_2023,sensitivity,pov_band,broad_exit_persistent_uninsured_h2,primary_harm,pov_4_plus,9055,82362389.49881707,0.00100809,83028.3712681,4528,48705450.60945202,0.00425341,207164.0247803,4,2,-2.0,0.00324532
mature_jun_oct_2023,sensitivity,pov_band,broad_exit_persistent_uninsured_h2,primary_harm,pov_lt_1,27777,232397964.96298125,0.00170822,396986.2987593,12153,109730601.8726468,0.00196212,215304.9024419,1,4,3.0,0.00025391
mature_jun_oct_2023,sensitivity,pov_band,broad_exit_resolved_insured_h2,contrast_resolution,pov_1_2,23651,200708609.17840105,0.00082275,165133.8170379,9968,94288745.1590717,0.00491144,463093.4493059,3,3,0.0,0.00408869
mature_jun_oct_2023,sensitivity,pov_band,broad_exit_resolved_insured_h2,contrast_resolution,pov_2_4,19187,171419502.9986319,0.00366053,627486.5355399,9616,92954851.7903552,0.00636463,591623.302467,1,2,1.0,0.0027041
mature_jun_oct_2023,sensitivity,pov_band,broad_exit_resolved_insured_h2,contrast_resolution,pov_4_plus,9055,82362389.49881707,0.00333839,274957.4587247,4528,48705450.60945202,0.00693781,337909.3928379,2,1,-1.0,0.00359943
mature_jun_oct_2023,sensitivity,pov_band,broad_exit_resolved_insured_h2,contrast_resolution,pov_lt_1,27777,232397964.96298125,0.00082044,190667.8804498,12153,109730601.8726468,0.00129444,142039.2607037,4,4,0.0,0.000474
mature_jun_oct_2023,sensitivity,pov_band,medicaid_exit_to_uninsured_next,benchmark_harm,pov_1_2,23689,201185297.0192013,0.00109484,220266.6798153,9987,94503764.5151873,0.0028522,269544.0968294,4,3,-1.0,0.00175736
mature_jun_oct_2023,sensitivity,pov_band,medicaid_exit_to_uninsured_next,benchmark_harm,pov_2_4,19222,171769105.0924421,0.00138701,238244.9171034,9642,93331246.2716163,0.00584075,545124.5837808,2,1,-1.0,0.00445374
mature_jun_oct_2023,sensitivity,pov_band,medicaid_exit_to_uninsured_next,benchmark_harm,pov_4_plus,9112,83024321.88957547,0.00111523,92591.2328112,4546,48944917.88917363,0.0042326,207164.0247803,3,2,-1.0,0.00311736
mature_jun_oct_2023,sensitivity,pov_band,medicaid_exit_to_uninsured_next,benchmark_harm,pov_lt_1,27804,232646759.8909986,0.00172048,400263.9647725,12180,110054447.89905933,0.00195635,215304.9024419,1,4,3.0,0.00023587
mature_jun_oct_2023,sensitivity,snap_group,persistent_uninsured_h2,primary_harm,snap_no,49990,434460678.4542274,0.00125668,545980.1459986,24177,233126089.41216403,0.00401981,937122.3484659,2,1,-1.0,0.00276312
mature_jun_oct_2023,sensitivity,snap_group,persistent_uninsured_h2,primary_harm,snap_yes,30014,256129458.03984892,0.00151116,387053.2133445,12209,113642865.4696003,0.00197485,224427.3218425,1,2,1.0,0.00046369
mature_jun_oct_2023,sensitivity,snap_group,broad_exit_persistent_uninsured_h2,primary_harm,snap_no,49990,434460678.4542274,0.00125668,545980.1459986,24177,233126089.41216403,0.00406513,947686.7682669,2,1,-1.0,0.00280844
mature_jun_oct_2023,sensitivity,snap_group,broad_exit_persistent_uninsured_h2,primary_harm,snap_yes,30014,256129458.03984892,0.00151116,387053.2133445,12209,113642865.4696003,0.00197485,224427.3218425,1,2,1.0,0.00046369
mature_jun_oct_2023,sensitivity,snap_group,broad_exit_resolved_insured_h2,contrast_resolution,snap_no,49990,434460678.4542274,0.00235617,1023661.2919893,24177,233126089.41216403,0.00582023,1356846.9117653,1,1,0.0,0.00346406
mature_jun_oct_2023,sensitivity,snap_group,broad_exit_resolved_insured_h2,contrast_resolution,snap_yes,30014,256129458.03984892,0.00091588,234584.399763,12209,113642865.4696003,0.00156471,177818.4935492,2,2,0.0,0.00064883
mature_jun_oct_2023,sensitivity,snap_group,medicaid_exit_to_uninsured_next,benchmark_harm,snap_no,50114,435910320.81780165,0.00127444,555543.0075417,24245,234064018.73013183,0.00432664,1012710.2859899,2,1,-1.0,0.00305219
mature_jun_oct_2023,sensitivity,snap_group,medicaid_exit_to_uninsured_next,benchmark_harm,snap_yes,30049,256476069.08286497,0.00154332,395823.7869607,12232,113865944.7718376,0.00197098,224427.3218425,1,2,1.0,0.00042766
